"Program","Year","Period","Week Ending","Geo Level","State","State ANSI","Ag District","Ag District Code","County","County ANSI","Zip Code","Region","watershed_code","Watershed","Commodity","Data Item","Domain","Domain Category","Value","CV (%)"
"CENSUS","2017","YEAR","","COUNTY","IOWA","19","CENTRAL","50","BOONE","015","","","00000000","","INCOME, FARM-RELATED","INCOME, FARM-RELATED, FOREST PRODUCTS, (EXCL CHRISTMAS TREES & SHORT TERM WOODY CROPS & MAPLE SYRUP) - RECEIPTS, MEASURED IN $","TOTAL","NOT SPECIFIED"," (D)","(D)"
"CENSUS","2017","YEAR","","COUNTY","IOWA","19","CENTRAL","50","DALLAS","049","","","00000000","","INCOME, FARM-RELATED","INCOME, FARM-RELATED, FOREST PRODUCTS, (EXCL CHRISTMAS TREES & SHORT TERM WOODY CROPS & MAPLE SYRUP) - RECEIPTS, MEASURED IN $","TOTAL","NOT SPECIFIED"," (D)","(D)"
"CENSUS","2017","YEAR","","COUNTY","IOWA","19","CENTRAL","50","HAMILTON","079","","","00000000","","INCOME, FARM-RELATED","INCOME, FARM-RELATED, FOREST PRODUCTS, (EXCL CHRISTMAS TREES & SHORT TERM WOODY CROPS & MAPLE SYRUP) - RECEIPTS, MEASURED IN $","TOTAL","NOT SPECIFIED"," (D)","(D)"
"CENSUS","2017","YEAR","","COUNTY","IOWA","19","CENTRAL","50","HARDIN","083","","","00000000","","INCOME, FARM-RELATED","INCOME, FARM-RELATED, FOREST PRODUCTS, (EXCL CHRISTMAS TREES & SHORT TERM WOODY CROPS & MAPLE SYRUP) - RECEIPTS, MEASURED IN $","TOTAL","NOT SPECIFIED"," (D)","(D)"
"CENSUS","2017","YEAR","","COUNTY","IOWA","19","CENTRAL","50","JASPER","099","","","00000000","","INCOME, FARM-RELATED","INCOME, FARM-RELATED, FOREST PRODUCTS, (EXCL CHRISTMAS TREES & SHORT TERM WOODY CROPS & MAPLE SYRUP) - RECEIPTS, MEASURED IN $","TOTAL","NOT SPECIFIED"," (D)","(D)"
"CENSUS","2017","YEAR","","COUNTY","IOWA","19","CENTRAL","50","MARSHALL","127","","","00000000","","INCOME, FARM-RELATED","INCOME, FARM-RELATED, FOREST PRODUCTS, (EXCL CHRISTMAS TREES & SHORT TERM WOODY CROPS & MAPLE SYRUP) - RECEIPTS, MEASURED IN $","TOTAL","NOT SPECIFIED","3,000","13.4"
"CENSUS","2017","YEAR","","COUNTY","IOWA","19","CENTRAL","50","POLK","153","","","00000000","","INCOME, FARM-RELATED","INCOME, FARM-RELATED, FOREST PRODUCTS, (EXCL CHRISTMAS TREES & SHORT TERM WOODY CROPS & MAPLE SYRUP) - RECEIPTS, MEASURED IN $","TOTAL","NOT SPECIFIED","52,000","13.4"
"CENSUS","2017","YEAR","","COUNTY","IOWA","19","CENTRAL","50","POWESHIEK","157","","","00000000","","INCOME, FARM-RELATED","INCOME, FARM-RELATED, FOREST PRODUCTS, (EXCL CHRISTMAS TREES & SHORT TERM WOODY CROPS & MAPLE SYRUP) - RECEIPTS, MEASURED IN $","TOTAL","NOT SPECIFIED"," (D)","(D)"
"CENSUS","2017","YEAR","","COUNTY","IOWA","19","CENTRAL","50","STORY","169","","","00000000","","INCOME, FARM-RELATED","INCOME, FARM-RELATED, FOREST PRODUCTS, (EXCL CHRISTMAS TREES & SHORT TERM WOODY CROPS & MAPLE SYRUP) - RECEIPTS, MEASURED IN $","TOTAL","NOT SPECIFIED"," (D)","(D)"
"CENSUS","2017","YEAR","","COUNTY","IOWA","19","CENTRAL","50","TAMA","171","","","00000000","","INCOME, FARM-RELATED","INCOME, FARM-RELATED, FOREST PRODUCTS, (EXCL CHRISTMAS TREES & SHORT TERM WOODY CROPS & MAPLE SYRUP) - RECEIPTS, MEASURED IN $","TOTAL","NOT SPECIFIED","74,000","13.4"
"CENSUS","2017","YEAR","","COUNTY","IOWA","19","CENTRAL","50","WEBSTER","187","","","00000000","","INCOME, FARM-RELATED","INCOME, FARM-RELATED, FOREST PRODUCTS, (EXCL CHRISTMAS TREES & SHORT TERM WOODY CROPS & MAPLE SYRUP) - RECEIPTS, MEASURED IN $","TOTAL","NOT SPECIFIED"," (D)","(D)"
"CENSUS","2017","YEAR","","COUNTY","IOWA","19","EAST CENTRAL","60","BENTON","011","","","00000000","","INCOME, FARM-RELATED","INCOME, FARM-RELATED, FOREST PRODUCTS, (EXCL CHRISTMAS TREES & SHORT TERM WOODY CROPS & MAPLE SYRUP) - RECEIPTS, MEASURED IN $","TOTAL","NOT SPECIFIED","73,000","13.4"
"CENSUS","2017","YEAR","","COUNTY","IOWA","19","EAST CENTRAL","60","CEDAR","031","","","00000000","","INCOME, FARM-RELATED","INCOME, FARM-RELATED, FOREST PRODUCTS, (EXCL CHRISTMAS TREES & SHORT TERM WOODY CROPS & MAPLE SYRUP) - RECEIPTS, MEASURED IN $","TOTAL","NOT SPECIFIED"," (D)","(D)"
"CENSUS","2017","YEAR","","COUNTY","IOWA","19","EAST CENTRAL","60","CLINTON","045","","","00000000","","INCOME, FARM-RELATED","INCOME, FARM-RELATED, FOREST PRODUCTS, (EXCL CHRISTMAS TREES & SHORT TERM WOODY CROPS & MAPLE SYRUP) - RECEIPTS, MEASURED IN $","TOTAL","NOT SPECIFIED"," (D)","(D)"
"CENSUS","2017","YEAR","","COUNTY","IOWA","19","EAST CENTRAL","60","IOWA","095","","","00000000","","INCOME, FARM-RELATED","INCOME, FARM-RELATED, FOREST PRODUCTS, (EXCL CHRISTMAS TREES & SHORT TERM WOODY CROPS & MAPLE SYRUP) - RECEIPTS, MEASURED IN $","TOTAL","NOT SPECIFIED"," (D)","(D)"
"CENSUS","2017","YEAR","","COUNTY","IOWA","19","EAST CENTRAL","60","JACKSON","097","","","00000000","","INCOME, FARM-RELATED","INCOME, FARM-RELATED, FOREST PRODUCTS, (EXCL CHRISTMAS TREES & SHORT TERM WOODY CROPS & MAPLE SYRUP) - RECEIPTS, MEASURED IN $","TOTAL","NOT SPECIFIED","498,000","13.4"
"CENSUS","2017","YEAR","","COUNTY","IOWA","19","EAST CENTRAL","60","JOHNSON","103","","","00000000","","INCOME, FARM-RELATED","INCOME, FARM-RELATED, FOREST PRODUCTS, (EXCL CHRISTMAS TREES & SHORT TERM WOODY CROPS & MAPLE SYRUP) - RECEIPTS, MEASURED IN $","TOTAL","NOT SPECIFIED","88,000","13.4"
"CENSUS","2017","YEAR","","COUNTY","IOWA","19","EAST CENTRAL","60","JONES","105","","","00000000","","INCOME, FARM-RELATED","INCOME, FARM-RELATED, FOREST PRODUCTS, (EXCL CHRISTMAS TREES & SHORT TERM WOODY CROPS & MAPLE SYRUP) - RECEIPTS, MEASURED IN $","TOTAL","NOT SPECIFIED","349,000","13.4"
"CENSUS","2017","YEAR","","COUNTY","IOWA","19","EAST CENTRAL","60","LINN","113","","","00000000","","INCOME, FARM-RELATED","INCOME, FARM-RELATED, FOREST PRODUCTS, (EXCL CHRISTMAS TREES & SHORT TERM WOODY CROPS & MAPLE SYRUP) - RECEIPTS, MEASURED IN $","TOTAL","NOT SPECIFIED","59,000","13.4"
"CENSUS","2017","YEAR","","COUNTY","IOWA","19","EAST CENTRAL","60","MUSCATINE","139","","","00000000","","INCOME, FARM-RELATED","INCOME, FARM-RELATED, FOREST PRODUCTS, (EXCL CHRISTMAS TREES & SHORT TERM WOODY CROPS & MAPLE SYRUP) - RECEIPTS, MEASURED IN $","TOTAL","NOT SPECIFIED"," (D)","(D)"
"CENSUS","2017","YEAR","","COUNTY","IOWA","19","EAST CENTRAL","60","SCOTT","163","","","00000000","","INCOME, FARM-RELATED","INCOME, FARM-RELATED, FOREST PRODUCTS, (EXCL CHRISTMAS TREES & SHORT TERM WOODY CROPS & MAPLE SYRUP) - RECEIPTS, MEASURED IN $","TOTAL","NOT SPECIFIED","7,000","13.4"
"CENSUS","2017","YEAR","","COUNTY","IOWA","19","NORTH CENTRAL","20","BUTLER","023","","","00000000","","INCOME, FARM-RELATED","INCOME, FARM-RELATED, FOREST PRODUCTS, (EXCL CHRISTMAS TREES & SHORT TERM WOODY CROPS & MAPLE SYRUP) - RECEIPTS, MEASURED IN $","TOTAL","NOT SPECIFIED","9,000","13.4"
"CENSUS","2017","YEAR","","COUNTY","IOWA","19","NORTH CENTRAL","20","CERRO GORDO","033","","","00000000","","INCOME, FARM-RELATED","INCOME, FARM-RELATED, FOREST PRODUCTS, (EXCL CHRISTMAS TREES & SHORT TERM WOODY CROPS & MAPLE SYRUP) - RECEIPTS, MEASURED IN $","TOTAL","NOT SPECIFIED"," (D)","(D)"
"CENSUS","2017","YEAR","","COUNTY","IOWA","19","NORTH CENTRAL","20","FLOYD","067","","","00000000","","INCOME, FARM-RELATED","INCOME, FARM-RELATED, FOREST PRODUCTS, (EXCL CHRISTMAS TREES & SHORT TERM WOODY CROPS & MAPLE SYRUP) - RECEIPTS, MEASURED IN $","TOTAL","NOT SPECIFIED"," (D)","(D)"
"CENSUS","2017","YEAR","","COUNTY","IOWA","19","NORTH CENTRAL","20","FRANKLIN","069","","","00000000","","INCOME, FARM-RELATED","INCOME, FARM-RELATED, FOREST PRODUCTS, (EXCL CHRISTMAS TREES & SHORT TERM WOODY CROPS & MAPLE SYRUP) - RECEIPTS, MEASURED IN $","TOTAL","NOT SPECIFIED"," (D)","(D)"
"CENSUS","2017","YEAR","","COUNTY","IOWA","19","NORTH CENTRAL","20","KOSSUTH","109","","","00000000","","INCOME, FARM-RELATED","INCOME, FARM-RELATED, FOREST PRODUCTS, (EXCL CHRISTMAS TREES & SHORT TERM WOODY CROPS & MAPLE SYRUP) - RECEIPTS, MEASURED IN $","TOTAL","NOT SPECIFIED","77,000","13.4"
"CENSUS","2017","YEAR","","COUNTY","IOWA","19","NORTH CENTRAL","20","MITCHELL","131","","","00000000","","INCOME, FARM-RELATED","INCOME, FARM-RELATED, FOREST PRODUCTS, (EXCL CHRISTMAS TREES & SHORT TERM WOODY CROPS & MAPLE SYRUP) - RECEIPTS, MEASURED IN $","TOTAL","NOT SPECIFIED","101,000","13.4"
"CENSUS","2017","YEAR","","COUNTY","IOWA","19","NORTH CENTRAL","20","WORTH","195","","","00000000","","INCOME, FARM-RELATED","INCOME, FARM-RELATED, FOREST PRODUCTS, (EXCL CHRISTMAS TREES & SHORT TERM WOODY CROPS & MAPLE SYRUP) - RECEIPTS, MEASURED IN $","TOTAL","NOT SPECIFIED"," (D)","(D)"
"CENSUS","2017","YEAR","","COUNTY","IOWA","19","NORTHEAST","30","ALLAMAKEE","005","","","00000000","","INCOME, FARM-RELATED","INCOME, FARM-RELATED, FOREST PRODUCTS, (EXCL CHRISTMAS TREES & SHORT TERM WOODY CROPS & MAPLE SYRUP) - RECEIPTS, MEASURED IN $","TOTAL","NOT SPECIFIED","484,000","13.4"
"CENSUS","2017","YEAR","","COUNTY","IOWA","19","NORTHEAST","30","BLACK HAWK","013","","","00000000","","INCOME, FARM-RELATED","INCOME, FARM-RELATED, FOREST PRODUCTS, (EXCL CHRISTMAS TREES & SHORT TERM WOODY CROPS & MAPLE SYRUP) - RECEIPTS, MEASURED IN $","TOTAL","NOT SPECIFIED"," (D)","(D)"
"CENSUS","2017","YEAR","","COUNTY","IOWA","19","NORTHEAST","30","BREMER","017","","","00000000","","INCOME, FARM-RELATED","INCOME, FARM-RELATED, FOREST PRODUCTS, (EXCL CHRISTMAS TREES & SHORT TERM WOODY CROPS & MAPLE SYRUP) - RECEIPTS, MEASURED IN $","TOTAL","NOT SPECIFIED","103,000","13.4"
"CENSUS","2017","YEAR","","COUNTY","IOWA","19","NORTHEAST","30","BUCHANAN","019","","","00000000","","INCOME, FARM-RELATED","INCOME, FARM-RELATED, FOREST PRODUCTS, (EXCL CHRISTMAS TREES & SHORT TERM WOODY CROPS & MAPLE SYRUP) - RECEIPTS, MEASURED IN $","TOTAL","NOT SPECIFIED"," (D)","(D)"
"CENSUS","2017","YEAR","","COUNTY","IOWA","19","NORTHEAST","30","CHICKASAW","037","","","00000000","","INCOME, FARM-RELATED","INCOME, FARM-RELATED, FOREST PRODUCTS, (EXCL CHRISTMAS TREES & SHORT TERM WOODY CROPS & MAPLE SYRUP) - RECEIPTS, MEASURED IN $","TOTAL","NOT SPECIFIED"," (D)","(D)"
"CENSUS","2017","YEAR","","COUNTY","IOWA","19","NORTHEAST","30","CLAYTON","043","","","00000000","","INCOME, FARM-RELATED","INCOME, FARM-RELATED, FOREST PRODUCTS, (EXCL CHRISTMAS TREES & SHORT TERM WOODY CROPS & MAPLE SYRUP) - RECEIPTS, MEASURED IN $","TOTAL","NOT SPECIFIED","1,494,000","13.4"
"CENSUS","2017","YEAR","","COUNTY","IOWA","19","NORTHEAST","30","DELAWARE","055","","","00000000","","INCOME, FARM-RELATED","INCOME, FARM-RELATED, FOREST PRODUCTS, (EXCL CHRISTMAS TREES & SHORT TERM WOODY CROPS & MAPLE SYRUP) - RECEIPTS, MEASURED IN $","TOTAL","NOT SPECIFIED","194,000","13.4"
"CENSUS","2017","YEAR","","COUNTY","IOWA","19","NORTHEAST","30","DUBUQUE","061","","","00000000","","INCOME, FARM-RELATED","INCOME, FARM-RELATED, FOREST PRODUCTS, (EXCL CHRISTMAS TREES & SHORT TERM WOODY CROPS & MAPLE SYRUP) - RECEIPTS, MEASURED IN $","TOTAL","NOT SPECIFIED","490,000","13.4"
"CENSUS","2017","YEAR","","COUNTY","IOWA","19","NORTHEAST","30","FAYETTE","065","","","00000000","","INCOME, FARM-RELATED","INCOME, FARM-RELATED, FOREST PRODUCTS, (EXCL CHRISTMAS TREES & SHORT TERM WOODY CROPS & MAPLE SYRUP) - RECEIPTS, MEASURED IN $","TOTAL","NOT SPECIFIED","227,000","13.4"
"CENSUS","2017","YEAR","","COUNTY","IOWA","19","NORTHEAST","30","HOWARD","089","","","00000000","","INCOME, FARM-RELATED","INCOME, FARM-RELATED, FOREST PRODUCTS, (EXCL CHRISTMAS TREES & SHORT TERM WOODY CROPS & MAPLE SYRUP) - RECEIPTS, MEASURED IN $","TOTAL","NOT SPECIFIED","7,000","13.4"
"CENSUS","2017","YEAR","","COUNTY","IOWA","19","NORTHEAST","30","WINNESHIEK","191","","","00000000","","INCOME, FARM-RELATED","INCOME, FARM-RELATED, FOREST PRODUCTS, (EXCL CHRISTMAS TREES & SHORT TERM WOODY CROPS & MAPLE SYRUP) - RECEIPTS, MEASURED IN $","TOTAL","NOT SPECIFIED","353,000","13.4"
"CENSUS","2017","YEAR","","COUNTY","IOWA","19","NORTHWEST","10","BUENA VISTA","021","","","00000000","","INCOME, FARM-RELATED","INCOME, FARM-RELATED, FOREST PRODUCTS, (EXCL CHRISTMAS TREES & SHORT TERM WOODY CROPS & MAPLE SYRUP) - RECEIPTS, MEASURED IN $","TOTAL","NOT SPECIFIED"," (D)","(D)"
"CENSUS","2017","YEAR","","COUNTY","IOWA","19","NORTHWEST","10","PALO ALTO","147","","","00000000","","INCOME, FARM-RELATED","INCOME, FARM-RELATED, FOREST PRODUCTS, (EXCL CHRISTMAS TREES & SHORT TERM WOODY CROPS & MAPLE SYRUP) - RECEIPTS, MEASURED IN $","TOTAL","NOT SPECIFIED"," (D)","(D)"
"CENSUS","2017","YEAR","","COUNTY","IOWA","19","NORTHWEST","10","PLYMOUTH","149","","","00000000","","INCOME, FARM-RELATED","INCOME, FARM-RELATED, FOREST PRODUCTS, (EXCL CHRISTMAS TREES & SHORT TERM WOODY CROPS & MAPLE SYRUP) - RECEIPTS, MEASURED IN $","TOTAL","NOT SPECIFIED"," (D)","(D)"
"CENSUS","2017","YEAR","","COUNTY","IOWA","19","NORTHWEST","10","SIOUX","167","","","00000000","","INCOME, FARM-RELATED","INCOME, FARM-RELATED, FOREST PRODUCTS, (EXCL CHRISTMAS TREES & SHORT TERM WOODY CROPS & MAPLE SYRUP) - RECEIPTS, MEASURED IN $","TOTAL","NOT SPECIFIED","72,000","13.4"
"CENSUS","2017","YEAR","","COUNTY","IOWA","19","SOUTH CENTRAL","80","APPANOOSE","007","","","00000000","","INCOME, FARM-RELATED","INCOME, FARM-RELATED, FOREST PRODUCTS, (EXCL CHRISTMAS TREES & SHORT TERM WOODY CROPS & MAPLE SYRUP) - RECEIPTS, MEASURED IN $","TOTAL","NOT SPECIFIED","32,000","13.4"
"CENSUS","2017","YEAR","","COUNTY","IOWA","19","SOUTH CENTRAL","80","CLARKE","039","","","00000000","","INCOME, FARM-RELATED","INCOME, FARM-RELATED, FOREST PRODUCTS, (EXCL CHRISTMAS TREES & SHORT TERM WOODY CROPS & MAPLE SYRUP) - RECEIPTS, MEASURED IN $","TOTAL","NOT SPECIFIED","77,000","13.4"
"CENSUS","2017","YEAR","","COUNTY","IOWA","19","SOUTH CENTRAL","80","DECATUR","053","","","00000000","","INCOME, FARM-RELATED","INCOME, FARM-RELATED, FOREST PRODUCTS, (EXCL CHRISTMAS TREES & SHORT TERM WOODY CROPS & MAPLE SYRUP) - RECEIPTS, MEASURED IN $","TOTAL","NOT SPECIFIED","33,000","13.4"
"CENSUS","2017","YEAR","","COUNTY","IOWA","19","SOUTH CENTRAL","80","LUCAS","117","","","00000000","","INCOME, FARM-RELATED","INCOME, FARM-RELATED, FOREST PRODUCTS, (EXCL CHRISTMAS TREES & SHORT TERM WOODY CROPS & MAPLE SYRUP) - RECEIPTS, MEASURED IN $","TOTAL","NOT SPECIFIED"," (D)","(D)"
"CENSUS","2017","YEAR","","COUNTY","IOWA","19","SOUTH CENTRAL","80","MADISON","121","","","00000000","","INCOME, FARM-RELATED","INCOME, FARM-RELATED, FOREST PRODUCTS, (EXCL CHRISTMAS TREES & SHORT TERM WOODY CROPS & MAPLE SYRUP) - RECEIPTS, MEASURED IN $","TOTAL","NOT SPECIFIED","10,000","13.4"
"CENSUS","2017","YEAR","","COUNTY","IOWA","19","SOUTH CENTRAL","80","MARION","125","","","00000000","","INCOME, FARM-RELATED","INCOME, FARM-RELATED, FOREST PRODUCTS, (EXCL CHRISTMAS TREES & SHORT TERM WOODY CROPS & MAPLE SYRUP) - RECEIPTS, MEASURED IN $","TOTAL","NOT SPECIFIED","124,000","13.4"
"CENSUS","2017","YEAR","","COUNTY","IOWA","19","SOUTH CENTRAL","80","MONROE","135","","","00000000","","INCOME, FARM-RELATED","INCOME, FARM-RELATED, FOREST PRODUCTS, (EXCL CHRISTMAS TREES & SHORT TERM WOODY CROPS & MAPLE SYRUP) - RECEIPTS, MEASURED IN $","TOTAL","NOT SPECIFIED","42,000","13.4"
"CENSUS","2017","YEAR","","COUNTY","IOWA","19","SOUTH CENTRAL","80","RINGGOLD","159","","","00000000","","INCOME, FARM-RELATED","INCOME, FARM-RELATED, FOREST PRODUCTS, (EXCL CHRISTMAS TREES & SHORT TERM WOODY CROPS & MAPLE SYRUP) - RECEIPTS, MEASURED IN $","TOTAL","NOT SPECIFIED","19,000","13.4"
"CENSUS","2017","YEAR","","COUNTY","IOWA","19","SOUTH CENTRAL","80","WARREN","181","","","00000000","","INCOME, FARM-RELATED","INCOME, FARM-RELATED, FOREST PRODUCTS, (EXCL CHRISTMAS TREES & SHORT TERM WOODY CROPS & MAPLE SYRUP) - RECEIPTS, MEASURED IN $","TOTAL","NOT SPECIFIED"," (D)","(D)"
"CENSUS","2017","YEAR","","COUNTY","IOWA","19","SOUTH CENTRAL","80","WAYNE","185","","","00000000","","INCOME, FARM-RELATED","INCOME, FARM-RELATED, FOREST PRODUCTS, (EXCL CHRISTMAS TREES & SHORT TERM WOODY CROPS & MAPLE SYRUP) - RECEIPTS, MEASURED IN $","TOTAL","NOT SPECIFIED"," (D)","(D)"
"CENSUS","2017","YEAR","","COUNTY","IOWA","19","SOUTHEAST","90","DAVIS","051","","","00000000","","INCOME, FARM-RELATED","INCOME, FARM-RELATED, FOREST PRODUCTS, (EXCL CHRISTMAS TREES & SHORT TERM WOODY CROPS & MAPLE SYRUP) - RECEIPTS, MEASURED IN $","TOTAL","NOT SPECIFIED","205,000","13.4"
"CENSUS","2017","YEAR","","COUNTY","IOWA","19","SOUTHEAST","90","DES MOINES","057","","","00000000","","INCOME, FARM-RELATED","INCOME, FARM-RELATED, FOREST PRODUCTS, (EXCL CHRISTMAS TREES & SHORT TERM WOODY CROPS & MAPLE SYRUP) - RECEIPTS, MEASURED IN $","TOTAL","NOT SPECIFIED"," (D)","(D)"
"CENSUS","2017","YEAR","","COUNTY","IOWA","19","SOUTHEAST","90","HENRY","087","","","00000000","","INCOME, FARM-RELATED","INCOME, FARM-RELATED, FOREST PRODUCTS, (EXCL CHRISTMAS TREES & SHORT TERM WOODY CROPS & MAPLE SYRUP) - RECEIPTS, MEASURED IN $","TOTAL","NOT SPECIFIED","6,000","13.4"
"CENSUS","2017","YEAR","","COUNTY","IOWA","19","SOUTHEAST","90","JEFFERSON","101","","","00000000","","INCOME, FARM-RELATED","INCOME, FARM-RELATED, FOREST PRODUCTS, (EXCL CHRISTMAS TREES & SHORT TERM WOODY CROPS & MAPLE SYRUP) - RECEIPTS, MEASURED IN $","TOTAL","NOT SPECIFIED"," (D)","(D)"
"CENSUS","2017","YEAR","","COUNTY","IOWA","19","SOUTHEAST","90","KEOKUK","107","","","00000000","","INCOME, FARM-RELATED","INCOME, FARM-RELATED, FOREST PRODUCTS, (EXCL CHRISTMAS TREES & SHORT TERM WOODY CROPS & MAPLE SYRUP) - RECEIPTS, MEASURED IN $","TOTAL","NOT SPECIFIED"," (D)","(D)"
"CENSUS","2017","YEAR","","COUNTY","IOWA","19","SOUTHEAST","90","LEE","111","","","00000000","","INCOME, FARM-RELATED","INCOME, FARM-RELATED, FOREST PRODUCTS, (EXCL CHRISTMAS TREES & SHORT TERM WOODY CROPS & MAPLE SYRUP) - RECEIPTS, MEASURED IN $","TOTAL","NOT SPECIFIED","227,000","13.4"
"CENSUS","2017","YEAR","","COUNTY","IOWA","19","SOUTHEAST","90","LOUISA","115","","","00000000","","INCOME, FARM-RELATED","INCOME, FARM-RELATED, FOREST PRODUCTS, (EXCL CHRISTMAS TREES & SHORT TERM WOODY CROPS & MAPLE SYRUP) - RECEIPTS, MEASURED IN $","TOTAL","NOT SPECIFIED","147,000","13.4"
"CENSUS","2017","YEAR","","COUNTY","IOWA","19","SOUTHEAST","90","MAHASKA","123","","","00000000","","INCOME, FARM-RELATED","INCOME, FARM-RELATED, FOREST PRODUCTS, (EXCL CHRISTMAS TREES & SHORT TERM WOODY CROPS & MAPLE SYRUP) - RECEIPTS, MEASURED IN $","TOTAL","NOT SPECIFIED"," (D)","(D)"
"CENSUS","2017","YEAR","","COUNTY","IOWA","19","SOUTHEAST","90","VAN BUREN","177","","","00000000","","INCOME, FARM-RELATED","INCOME, FARM-RELATED, FOREST PRODUCTS, (EXCL CHRISTMAS TREES & SHORT TERM WOODY CROPS & MAPLE SYRUP) - RECEIPTS, MEASURED IN $","TOTAL","NOT SPECIFIED","30,000","13.4"
"CENSUS","2017","YEAR","","COUNTY","IOWA","19","SOUTHEAST","90","WAPELLO","179","","","00000000","","INCOME, FARM-RELATED","INCOME, FARM-RELATED, FOREST PRODUCTS, (EXCL CHRISTMAS TREES & SHORT TERM WOODY CROPS & MAPLE SYRUP) - RECEIPTS, MEASURED IN $","TOTAL","NOT SPECIFIED","62,000","13.4"
"CENSUS","2017","YEAR","","COUNTY","IOWA","19","SOUTHEAST","90","WASHINGTON","183","","","00000000","","INCOME, FARM-RELATED","INCOME, FARM-RELATED, FOREST PRODUCTS, (EXCL CHRISTMAS TREES & SHORT TERM WOODY CROPS & MAPLE SYRUP) - RECEIPTS, MEASURED IN $","TOTAL","NOT SPECIFIED"," (D)","(D)"
"CENSUS","2017","YEAR","","COUNTY","IOWA","19","SOUTHWEST","70","ADAIR","001","","","00000000","","INCOME, FARM-RELATED","INCOME, FARM-RELATED, FOREST PRODUCTS, (EXCL CHRISTMAS TREES & SHORT TERM WOODY CROPS & MAPLE SYRUP) - RECEIPTS, MEASURED IN $","TOTAL","NOT SPECIFIED"," (D)","(D)"
"CENSUS","2017","YEAR","","COUNTY","IOWA","19","SOUTHWEST","70","ADAMS","003","","","00000000","","INCOME, FARM-RELATED","INCOME, FARM-RELATED, FOREST PRODUCTS, (EXCL CHRISTMAS TREES & SHORT TERM WOODY CROPS & MAPLE SYRUP) - RECEIPTS, MEASURED IN $","TOTAL","NOT SPECIFIED"," (D)","(D)"
"CENSUS","2017","YEAR","","COUNTY","IOWA","19","SOUTHWEST","70","MILLS","129","","","00000000","","INCOME, FARM-RELATED","INCOME, FARM-RELATED, FOREST PRODUCTS, (EXCL CHRISTMAS TREES & SHORT TERM WOODY CROPS & MAPLE SYRUP) - RECEIPTS, MEASURED IN $","TOTAL","NOT SPECIFIED","1,000","13.4"
"CENSUS","2017","YEAR","","COUNTY","IOWA","19","SOUTHWEST","70","MONTGOMERY","137","","","00000000","","INCOME, FARM-RELATED","INCOME, FARM-RELATED, FOREST PRODUCTS, (EXCL CHRISTMAS TREES & SHORT TERM WOODY CROPS & MAPLE SYRUP) - RECEIPTS, MEASURED IN $","TOTAL","NOT SPECIFIED"," (D)","(D)"
"CENSUS","2017","YEAR","","COUNTY","IOWA","19","SOUTHWEST","70","PAGE","145","","","00000000","","INCOME, FARM-RELATED","INCOME, FARM-RELATED, FOREST PRODUCTS, (EXCL CHRISTMAS TREES & SHORT TERM WOODY CROPS & MAPLE SYRUP) - RECEIPTS, MEASURED IN $","TOTAL","NOT SPECIFIED"," (D)","(D)"
"CENSUS","2017","YEAR","","COUNTY","IOWA","19","SOUTHWEST","70","POTTAWATTAMIE","155","","","00000000","","INCOME, FARM-RELATED","INCOME, FARM-RELATED, FOREST PRODUCTS, (EXCL CHRISTMAS TREES & SHORT TERM WOODY CROPS & MAPLE SYRUP) - RECEIPTS, MEASURED IN $","TOTAL","NOT SPECIFIED"," (D)","(D)"
"CENSUS","2017","YEAR","","COUNTY","IOWA","19","SOUTHWEST","70","TAYLOR","173","","","00000000","","INCOME, FARM-RELATED","INCOME, FARM-RELATED, FOREST PRODUCTS, (EXCL CHRISTMAS TREES & SHORT TERM WOODY CROPS & MAPLE SYRUP) - RECEIPTS, MEASURED IN $","TOTAL","NOT SPECIFIED","42,000","13.4"
"CENSUS","2017","YEAR","","COUNTY","IOWA","19","WEST CENTRAL","40","GUTHRIE","077","","","00000000","","INCOME, FARM-RELATED","INCOME, FARM-RELATED, FOREST PRODUCTS, (EXCL CHRISTMAS TREES & SHORT TERM WOODY CROPS & MAPLE SYRUP) - RECEIPTS, MEASURED IN $","TOTAL","NOT SPECIFIED"," (D)","(D)"
"CENSUS","2017","YEAR","","COUNTY","IOWA","19","WEST CENTRAL","40","HARRISON","085","","","00000000","","INCOME, FARM-RELATED","INCOME, FARM-RELATED, FOREST PRODUCTS, (EXCL CHRISTMAS TREES & SHORT TERM WOODY CROPS & MAPLE SYRUP) - RECEIPTS, MEASURED IN $","TOTAL","NOT SPECIFIED"," (D)","(D)"
"CENSUS","2017","YEAR","","COUNTY","IOWA","19","WEST CENTRAL","40","MONONA","133","","","00000000","","INCOME, FARM-RELATED","INCOME, FARM-RELATED, FOREST PRODUCTS, (EXCL CHRISTMAS TREES & SHORT TERM WOODY CROPS & MAPLE SYRUP) - RECEIPTS, MEASURED IN $","TOTAL","NOT SPECIFIED"," (D)","(D)"
"CENSUS","2017","YEAR","","COUNTY","IOWA","19","WEST CENTRAL","40","SAC","161","","","00000000","","INCOME, FARM-RELATED","INCOME, FARM-RELATED, FOREST PRODUCTS, (EXCL CHRISTMAS TREES & SHORT TERM WOODY CROPS & MAPLE SYRUP) - RECEIPTS, MEASURED IN $","TOTAL","NOT SPECIFIED","5,000","13.4"
"CENSUS","2017","YEAR","","COUNTY","IOWA","19","WEST CENTRAL","40","WOODBURY","193","","","00000000","","INCOME, FARM-RELATED","INCOME, FARM-RELATED, FOREST PRODUCTS, (EXCL CHRISTMAS TREES & SHORT TERM WOODY CROPS & MAPLE SYRUP) - RECEIPTS, MEASURED IN $","TOTAL","NOT SPECIFIED"," (D)","(D)"
"CENSUS","2017","YEAR","","COUNTY","OREGON","41","NORTH CENTRAL","20","HOOD RIVER","027","","","00000000","","INCOME, FARM-RELATED","INCOME, FARM-RELATED, FOREST PRODUCTS, (EXCL CHRISTMAS TREES & SHORT TERM WOODY CROPS & MAPLE SYRUP) - RECEIPTS, MEASURED IN $","TOTAL","NOT SPECIFIED"," (D)","(D)"
"CENSUS","2017","YEAR","","COUNTY","OREGON","41","NORTH CENTRAL","20","MORROW","049","","","00000000","","INCOME, FARM-RELATED","INCOME, FARM-RELATED, FOREST PRODUCTS, (EXCL CHRISTMAS TREES & SHORT TERM WOODY CROPS & MAPLE SYRUP) - RECEIPTS, MEASURED IN $","TOTAL","NOT SPECIFIED"," (D)","(D)"
"CENSUS","2017","YEAR","","COUNTY","OREGON","41","NORTH CENTRAL","20","WASCO","065","","","00000000","","INCOME, FARM-RELATED","INCOME, FARM-RELATED, FOREST PRODUCTS, (EXCL CHRISTMAS TREES & SHORT TERM WOODY CROPS & MAPLE SYRUP) - RECEIPTS, MEASURED IN $","TOTAL","NOT SPECIFIED","93,000","33.2"
"CENSUS","2017","YEAR","","COUNTY","OREGON","41","NORTHEAST","30","BAKER","001","","","00000000","","INCOME, FARM-RELATED","INCOME, FARM-RELATED, FOREST PRODUCTS, (EXCL CHRISTMAS TREES & SHORT TERM WOODY CROPS & MAPLE SYRUP) - RECEIPTS, MEASURED IN $","TOTAL","NOT SPECIFIED","34,000","33.2"
"CENSUS","2017","YEAR","","COUNTY","OREGON","41","NORTHEAST","30","UMATILLA","059","","","00000000","","INCOME, FARM-RELATED","INCOME, FARM-RELATED, FOREST PRODUCTS, (EXCL CHRISTMAS TREES & SHORT TERM WOODY CROPS & MAPLE SYRUP) - RECEIPTS, MEASURED IN $","TOTAL","NOT SPECIFIED","491,000","33.2"
"CENSUS","2017","YEAR","","COUNTY","OREGON","41","NORTHEAST","30","UNION","061","","","00000000","","INCOME, FARM-RELATED","INCOME, FARM-RELATED, FOREST PRODUCTS, (EXCL CHRISTMAS TREES & SHORT TERM WOODY CROPS & MAPLE SYRUP) - RECEIPTS, MEASURED IN $","TOTAL","NOT SPECIFIED","481,000","33.2"
"CENSUS","2017","YEAR","","COUNTY","OREGON","41","NORTHEAST","30","WALLOWA","063","","","00000000","","INCOME, FARM-RELATED","INCOME, FARM-RELATED, FOREST PRODUCTS, (EXCL CHRISTMAS TREES & SHORT TERM WOODY CROPS & MAPLE SYRUP) - RECEIPTS, MEASURED IN $","TOTAL","NOT SPECIFIED","342,000","33.2"
"CENSUS","2017","YEAR","","COUNTY","OREGON","41","NORTHWEST","10","BENTON","003","","","00000000","","INCOME, FARM-RELATED","INCOME, FARM-RELATED, FOREST PRODUCTS, (EXCL CHRISTMAS TREES & SHORT TERM WOODY CROPS & MAPLE SYRUP) - RECEIPTS, MEASURED IN $","TOTAL","NOT SPECIFIED","8,812,000","33.2"
"CENSUS","2017","YEAR","","COUNTY","OREGON","41","NORTHWEST","10","CLACKAMAS","005","","","00000000","","INCOME, FARM-RELATED","INCOME, FARM-RELATED, FOREST PRODUCTS, (EXCL CHRISTMAS TREES & SHORT TERM WOODY CROPS & MAPLE SYRUP) - RECEIPTS, MEASURED IN $","TOTAL","NOT SPECIFIED","1,796,000","33.2"
"CENSUS","2017","YEAR","","COUNTY","OREGON","41","NORTHWEST","10","CLATSOP","007","","","00000000","","INCOME, FARM-RELATED","INCOME, FARM-RELATED, FOREST PRODUCTS, (EXCL CHRISTMAS TREES & SHORT TERM WOODY CROPS & MAPLE SYRUP) - RECEIPTS, MEASURED IN $","TOTAL","NOT SPECIFIED","371,000","33.2"
"CENSUS","2017","YEAR","","COUNTY","OREGON","41","NORTHWEST","10","COLUMBIA","009","","","00000000","","INCOME, FARM-RELATED","INCOME, FARM-RELATED, FOREST PRODUCTS, (EXCL CHRISTMAS TREES & SHORT TERM WOODY CROPS & MAPLE SYRUP) - RECEIPTS, MEASURED IN $","TOTAL","NOT SPECIFIED","3,555,000","33.2"
"CENSUS","2017","YEAR","","COUNTY","OREGON","41","NORTHWEST","10","LANE","039","","","00000000","","INCOME, FARM-RELATED","INCOME, FARM-RELATED, FOREST PRODUCTS, (EXCL CHRISTMAS TREES & SHORT TERM WOODY CROPS & MAPLE SYRUP) - RECEIPTS, MEASURED IN $","TOTAL","NOT SPECIFIED","5,445,000","33.2"
"CENSUS","2017","YEAR","","COUNTY","OREGON","41","NORTHWEST","10","LINCOLN","041","","","00000000","","INCOME, FARM-RELATED","INCOME, FARM-RELATED, FOREST PRODUCTS, (EXCL CHRISTMAS TREES & SHORT TERM WOODY CROPS & MAPLE SYRUP) - RECEIPTS, MEASURED IN $","TOTAL","NOT SPECIFIED","2,167,000","33.2"
"CENSUS","2017","YEAR","","COUNTY","OREGON","41","NORTHWEST","10","LINN","043","","","00000000","","INCOME, FARM-RELATED","INCOME, FARM-RELATED, FOREST PRODUCTS, (EXCL CHRISTMAS TREES & SHORT TERM WOODY CROPS & MAPLE SYRUP) - RECEIPTS, MEASURED IN $","TOTAL","NOT SPECIFIED"," (D)","(D)"
"CENSUS","2017","YEAR","","COUNTY","OREGON","41","NORTHWEST","10","MARION","047","","","00000000","","INCOME, FARM-RELATED","INCOME, FARM-RELATED, FOREST PRODUCTS, (EXCL CHRISTMAS TREES & SHORT TERM WOODY CROPS & MAPLE SYRUP) - RECEIPTS, MEASURED IN $","TOTAL","NOT SPECIFIED","1,255,000","33.2"
"CENSUS","2017","YEAR","","COUNTY","OREGON","41","NORTHWEST","10","MULTNOMAH","051","","","00000000","","INCOME, FARM-RELATED","INCOME, FARM-RELATED, FOREST PRODUCTS, (EXCL CHRISTMAS TREES & SHORT TERM WOODY CROPS & MAPLE SYRUP) - RECEIPTS, MEASURED IN $","TOTAL","NOT SPECIFIED","116,000","33.2"
"CENSUS","2017","YEAR","","COUNTY","OREGON","41","NORTHWEST","10","POLK","053","","","00000000","","INCOME, FARM-RELATED","INCOME, FARM-RELATED, FOREST PRODUCTS, (EXCL CHRISTMAS TREES & SHORT TERM WOODY CROPS & MAPLE SYRUP) - RECEIPTS, MEASURED IN $","TOTAL","NOT SPECIFIED","967,000","33.2"
"CENSUS","2017","YEAR","","COUNTY","OREGON","41","NORTHWEST","10","TILLAMOOK","057","","","00000000","","INCOME, FARM-RELATED","INCOME, FARM-RELATED, FOREST PRODUCTS, (EXCL CHRISTMAS TREES & SHORT TERM WOODY CROPS & MAPLE SYRUP) - RECEIPTS, MEASURED IN $","TOTAL","NOT SPECIFIED","60,000","33.2"
"CENSUS","2017","YEAR","","COUNTY","OREGON","41","NORTHWEST","10","WASHINGTON","067","","","00000000","","INCOME, FARM-RELATED","INCOME, FARM-RELATED, FOREST PRODUCTS, (EXCL CHRISTMAS TREES & SHORT TERM WOODY CROPS & MAPLE SYRUP) - RECEIPTS, MEASURED IN $","TOTAL","NOT SPECIFIED","3,645,000","33.2"
"CENSUS","2017","YEAR","","COUNTY","OREGON","41","NORTHWEST","10","YAMHILL","071","","","00000000","","INCOME, FARM-RELATED","INCOME, FARM-RELATED, FOREST PRODUCTS, (EXCL CHRISTMAS TREES & SHORT TERM WOODY CROPS & MAPLE SYRUP) - RECEIPTS, MEASURED IN $","TOTAL","NOT SPECIFIED","1,083,000","33.2"
"CENSUS","2017","YEAR","","COUNTY","OREGON","41","SOUTHEAST","80","CROOK","013","","","00000000","","INCOME, FARM-RELATED","INCOME, FARM-RELATED, FOREST PRODUCTS, (EXCL CHRISTMAS TREES & SHORT TERM WOODY CROPS & MAPLE SYRUP) - RECEIPTS, MEASURED IN $","TOTAL","NOT SPECIFIED","55,000","33.2"
"CENSUS","2017","YEAR","","COUNTY","OREGON","41","SOUTHEAST","80","DESCHUTES","017","","","00000000","","INCOME, FARM-RELATED","INCOME, FARM-RELATED, FOREST PRODUCTS, (EXCL CHRISTMAS TREES & SHORT TERM WOODY CROPS & MAPLE SYRUP) - RECEIPTS, MEASURED IN $","TOTAL","NOT SPECIFIED","7,000","33.2"
"CENSUS","2017","YEAR","","COUNTY","OREGON","41","SOUTHEAST","80","GRANT","023","","","00000000","","INCOME, FARM-RELATED","INCOME, FARM-RELATED, FOREST PRODUCTS, (EXCL CHRISTMAS TREES & SHORT TERM WOODY CROPS & MAPLE SYRUP) - RECEIPTS, MEASURED IN $","TOTAL","NOT SPECIFIED","31,000","33.2"
"CENSUS","2017","YEAR","","COUNTY","OREGON","41","SOUTHEAST","80","HARNEY","025","","","00000000","","INCOME, FARM-RELATED","INCOME, FARM-RELATED, FOREST PRODUCTS, (EXCL CHRISTMAS TREES & SHORT TERM WOODY CROPS & MAPLE SYRUP) - RECEIPTS, MEASURED IN $","TOTAL","NOT SPECIFIED","4,000","33.2"
"CENSUS","2017","YEAR","","COUNTY","OREGON","41","SOUTHEAST","80","JEFFERSON","031","","","00000000","","INCOME, FARM-RELATED","INCOME, FARM-RELATED, FOREST PRODUCTS, (EXCL CHRISTMAS TREES & SHORT TERM WOODY CROPS & MAPLE SYRUP) - RECEIPTS, MEASURED IN $","TOTAL","NOT SPECIFIED"," (D)","(D)"
"CENSUS","2017","YEAR","","COUNTY","OREGON","41","SOUTHEAST","80","KLAMATH","035","","","00000000","","INCOME, FARM-RELATED","INCOME, FARM-RELATED, FOREST PRODUCTS, (EXCL CHRISTMAS TREES & SHORT TERM WOODY CROPS & MAPLE SYRUP) - RECEIPTS, MEASURED IN $","TOTAL","NOT SPECIFIED","524,000","33.2"
"CENSUS","2017","YEAR","","COUNTY","OREGON","41","SOUTHEAST","80","LAKE","037","","","00000000","","INCOME, FARM-RELATED","INCOME, FARM-RELATED, FOREST PRODUCTS, (EXCL CHRISTMAS TREES & SHORT TERM WOODY CROPS & MAPLE SYRUP) - RECEIPTS, MEASURED IN $","TOTAL","NOT SPECIFIED"," (D)","(D)"
"CENSUS","2017","YEAR","","COUNTY","OREGON","41","SOUTHEAST","80","WHEELER","069","","","00000000","","INCOME, FARM-RELATED","INCOME, FARM-RELATED, FOREST PRODUCTS, (EXCL CHRISTMAS TREES & SHORT TERM WOODY CROPS & MAPLE SYRUP) - RECEIPTS, MEASURED IN $","TOTAL","NOT SPECIFIED"," (D)","(D)"
"CENSUS","2017","YEAR","","COUNTY","OREGON","41","SOUTHWEST","70","COOS","011","","","00000000","","INCOME, FARM-RELATED","INCOME, FARM-RELATED, FOREST PRODUCTS, (EXCL CHRISTMAS TREES & SHORT TERM WOODY CROPS & MAPLE SYRUP) - RECEIPTS, MEASURED IN $","TOTAL","NOT SPECIFIED","8,776,000","33.2"
"CENSUS","2017","YEAR","","COUNTY","OREGON","41","SOUTHWEST","70","CURRY","015","","","00000000","","INCOME, FARM-RELATED","INCOME, FARM-RELATED, FOREST PRODUCTS, (EXCL CHRISTMAS TREES & SHORT TERM WOODY CROPS & MAPLE SYRUP) - RECEIPTS, MEASURED IN $","TOTAL","NOT SPECIFIED"," (D)","(D)"
"CENSUS","2017","YEAR","","COUNTY","OREGON","41","SOUTHWEST","70","DOUGLAS","019","","","00000000","","INCOME, FARM-RELATED","INCOME, FARM-RELATED, FOREST PRODUCTS, (EXCL CHRISTMAS TREES & SHORT TERM WOODY CROPS & MAPLE SYRUP) - RECEIPTS, MEASURED IN $","TOTAL","NOT SPECIFIED","5,722,000","33.2"
"CENSUS","2017","YEAR","","COUNTY","OREGON","41","SOUTHWEST","70","JACKSON","029","","","00000000","","INCOME, FARM-RELATED","INCOME, FARM-RELATED, FOREST PRODUCTS, (EXCL CHRISTMAS TREES & SHORT TERM WOODY CROPS & MAPLE SYRUP) - RECEIPTS, MEASURED IN $","TOTAL","NOT SPECIFIED","422,000","33.2"
"CENSUS","2017","YEAR","","COUNTY","OREGON","41","SOUTHWEST","70","JOSEPHINE","033","","","00000000","","INCOME, FARM-RELATED","INCOME, FARM-RELATED, FOREST PRODUCTS, (EXCL CHRISTMAS TREES & SHORT TERM WOODY CROPS & MAPLE SYRUP) - RECEIPTS, MEASURED IN $","TOTAL","NOT SPECIFIED","218,000","33.2"
"CENSUS","2017","YEAR","","COUNTY","VIRGINIA","51","CENTRAL","50","ALBEMARLE","003","","","00000000","","INCOME, FARM-RELATED","INCOME, FARM-RELATED, FOREST PRODUCTS, (EXCL CHRISTMAS TREES & SHORT TERM WOODY CROPS & MAPLE SYRUP) - RECEIPTS, MEASURED IN $","TOTAL","NOT SPECIFIED","1,642,000","74.7"
"CENSUS","2017","YEAR","","COUNTY","VIRGINIA","51","CENTRAL","50","AMELIA","007","","","00000000","","INCOME, FARM-RELATED","INCOME, FARM-RELATED, FOREST PRODUCTS, (EXCL CHRISTMAS TREES & SHORT TERM WOODY CROPS & MAPLE SYRUP) - RECEIPTS, MEASURED IN $","TOTAL","NOT SPECIFIED","1,029,000","74.7"
"CENSUS","2017","YEAR","","COUNTY","VIRGINIA","51","CENTRAL","50","AMHERST","009","","","00000000","","INCOME, FARM-RELATED","INCOME, FARM-RELATED, FOREST PRODUCTS, (EXCL CHRISTMAS TREES & SHORT TERM WOODY CROPS & MAPLE SYRUP) - RECEIPTS, MEASURED IN $","TOTAL","NOT SPECIFIED","812,000","74.7"
"CENSUS","2017","YEAR","","COUNTY","VIRGINIA","51","CENTRAL","50","APPOMATTOX","011","","","00000000","","INCOME, FARM-RELATED","INCOME, FARM-RELATED, FOREST PRODUCTS, (EXCL CHRISTMAS TREES & SHORT TERM WOODY CROPS & MAPLE SYRUP) - RECEIPTS, MEASURED IN $","TOTAL","NOT SPECIFIED","604,000","74.7"
"CENSUS","2017","YEAR","","COUNTY","VIRGINIA","51","CENTRAL","50","BEDFORD","019","","","00000000","","INCOME, FARM-RELATED","INCOME, FARM-RELATED, FOREST PRODUCTS, (EXCL CHRISTMAS TREES & SHORT TERM WOODY CROPS & MAPLE SYRUP) - RECEIPTS, MEASURED IN $","TOTAL","NOT SPECIFIED","834,000","74.7"
"CENSUS","2017","YEAR","","COUNTY","VIRGINIA","51","CENTRAL","50","BUCKINGHAM","029","","","00000000","","INCOME, FARM-RELATED","INCOME, FARM-RELATED, FOREST PRODUCTS, (EXCL CHRISTMAS TREES & SHORT TERM WOODY CROPS & MAPLE SYRUP) - RECEIPTS, MEASURED IN $","TOTAL","NOT SPECIFIED","165,000","74.7"
"CENSUS","2017","YEAR","","COUNTY","VIRGINIA","51","CENTRAL","50","CAMPBELL","031","","","00000000","","INCOME, FARM-RELATED","INCOME, FARM-RELATED, FOREST PRODUCTS, (EXCL CHRISTMAS TREES & SHORT TERM WOODY CROPS & MAPLE SYRUP) - RECEIPTS, MEASURED IN $","TOTAL","NOT SPECIFIED","654,000","74.7"
"CENSUS","2017","YEAR","","COUNTY","VIRGINIA","51","CENTRAL","50","CAROLINE","033","","","00000000","","INCOME, FARM-RELATED","INCOME, FARM-RELATED, FOREST PRODUCTS, (EXCL CHRISTMAS TREES & SHORT TERM WOODY CROPS & MAPLE SYRUP) - RECEIPTS, MEASURED IN $","TOTAL","NOT SPECIFIED","1,308,000","74.7"
"CENSUS","2017","YEAR","","COUNTY","VIRGINIA","51","CENTRAL","50","CHESTERFIELD","041","","","00000000","","INCOME, FARM-RELATED","INCOME, FARM-RELATED, FOREST PRODUCTS, (EXCL CHRISTMAS TREES & SHORT TERM WOODY CROPS & MAPLE SYRUP) - RECEIPTS, MEASURED IN $","TOTAL","NOT SPECIFIED","74,000","74.7"
"CENSUS","2017","YEAR","","COUNTY","VIRGINIA","51","CENTRAL","50","CUMBERLAND","049","","","00000000","","INCOME, FARM-RELATED","INCOME, FARM-RELATED, FOREST PRODUCTS, (EXCL CHRISTMAS TREES & SHORT TERM WOODY CROPS & MAPLE SYRUP) - RECEIPTS, MEASURED IN $","TOTAL","NOT SPECIFIED","344,000","74.7"
"CENSUS","2017","YEAR","","COUNTY","VIRGINIA","51","CENTRAL","50","FLUVANNA","065","","","00000000","","INCOME, FARM-RELATED","INCOME, FARM-RELATED, FOREST PRODUCTS, (EXCL CHRISTMAS TREES & SHORT TERM WOODY CROPS & MAPLE SYRUP) - RECEIPTS, MEASURED IN $","TOTAL","NOT SPECIFIED","40,000","74.7"
"CENSUS","2017","YEAR","","COUNTY","VIRGINIA","51","CENTRAL","50","GOOCHLAND","075","","","00000000","","INCOME, FARM-RELATED","INCOME, FARM-RELATED, FOREST PRODUCTS, (EXCL CHRISTMAS TREES & SHORT TERM WOODY CROPS & MAPLE SYRUP) - RECEIPTS, MEASURED IN $","TOTAL","NOT SPECIFIED","583,000","74.7"
"CENSUS","2017","YEAR","","COUNTY","VIRGINIA","51","CENTRAL","50","GREENE","079","","","00000000","","INCOME, FARM-RELATED","INCOME, FARM-RELATED, FOREST PRODUCTS, (EXCL CHRISTMAS TREES & SHORT TERM WOODY CROPS & MAPLE SYRUP) - RECEIPTS, MEASURED IN $","TOTAL","NOT SPECIFIED"," (D)","(D)"
"CENSUS","2017","YEAR","","COUNTY","VIRGINIA","51","CENTRAL","50","HANOVER","085","","","00000000","","INCOME, FARM-RELATED","INCOME, FARM-RELATED, FOREST PRODUCTS, (EXCL CHRISTMAS TREES & SHORT TERM WOODY CROPS & MAPLE SYRUP) - RECEIPTS, MEASURED IN $","TOTAL","NOT SPECIFIED","256,000","74.7"
"CENSUS","2017","YEAR","","COUNTY","VIRGINIA","51","CENTRAL","50","HENRICO","087","","","00000000","","INCOME, FARM-RELATED","INCOME, FARM-RELATED, FOREST PRODUCTS, (EXCL CHRISTMAS TREES & SHORT TERM WOODY CROPS & MAPLE SYRUP) - RECEIPTS, MEASURED IN $","TOTAL","NOT SPECIFIED"," (D)","(D)"
"CENSUS","2017","YEAR","","COUNTY","VIRGINIA","51","CENTRAL","50","LOUISA","109","","","00000000","","INCOME, FARM-RELATED","INCOME, FARM-RELATED, FOREST PRODUCTS, (EXCL CHRISTMAS TREES & SHORT TERM WOODY CROPS & MAPLE SYRUP) - RECEIPTS, MEASURED IN $","TOTAL","NOT SPECIFIED","740,000","74.7"
"CENSUS","2017","YEAR","","COUNTY","VIRGINIA","51","CENTRAL","50","NELSON","125","","","00000000","","INCOME, FARM-RELATED","INCOME, FARM-RELATED, FOREST PRODUCTS, (EXCL CHRISTMAS TREES & SHORT TERM WOODY CROPS & MAPLE SYRUP) - RECEIPTS, MEASURED IN $","TOTAL","NOT SPECIFIED","856,000","74.7"
"CENSUS","2017","YEAR","","COUNTY","VIRGINIA","51","CENTRAL","50","ORANGE","137","","","00000000","","INCOME, FARM-RELATED","INCOME, FARM-RELATED, FOREST PRODUCTS, (EXCL CHRISTMAS TREES & SHORT TERM WOODY CROPS & MAPLE SYRUP) - RECEIPTS, MEASURED IN $","TOTAL","NOT SPECIFIED"," (D)","(D)"
"CENSUS","2017","YEAR","","COUNTY","VIRGINIA","51","CENTRAL","50","POWHATAN","145","","","00000000","","INCOME, FARM-RELATED","INCOME, FARM-RELATED, FOREST PRODUCTS, (EXCL CHRISTMAS TREES & SHORT TERM WOODY CROPS & MAPLE SYRUP) - RECEIPTS, MEASURED IN $","TOTAL","NOT SPECIFIED","470,000","74.7"
"CENSUS","2017","YEAR","","COUNTY","VIRGINIA","51","CENTRAL","50","PRINCE EDWARD","147","","","00000000","","INCOME, FARM-RELATED","INCOME, FARM-RELATED, FOREST PRODUCTS, (EXCL CHRISTMAS TREES & SHORT TERM WOODY CROPS & MAPLE SYRUP) - RECEIPTS, MEASURED IN $","TOTAL","NOT SPECIFIED","493,000","74.7"
"CENSUS","2017","YEAR","","COUNTY","VIRGINIA","51","CENTRAL","50","SPOTSYLVANIA","177","","","00000000","","INCOME, FARM-RELATED","INCOME, FARM-RELATED, FOREST PRODUCTS, (EXCL CHRISTMAS TREES & SHORT TERM WOODY CROPS & MAPLE SYRUP) - RECEIPTS, MEASURED IN $","TOTAL","NOT SPECIFIED","95,000","74.7"
"CENSUS","2017","YEAR","","COUNTY","VIRGINIA","51","EASTERN","60","ACCOMACK","001","","","00000000","","INCOME, FARM-RELATED","INCOME, FARM-RELATED, FOREST PRODUCTS, (EXCL CHRISTMAS TREES & SHORT TERM WOODY CROPS & MAPLE SYRUP) - RECEIPTS, MEASURED IN $","TOTAL","NOT SPECIFIED","17,000","74.7"
"CENSUS","2017","YEAR","","COUNTY","VIRGINIA","51","EASTERN","60","CHARLES CITY","036","","","00000000","","INCOME, FARM-RELATED","INCOME, FARM-RELATED, FOREST PRODUCTS, (EXCL CHRISTMAS TREES & SHORT TERM WOODY CROPS & MAPLE SYRUP) - RECEIPTS, MEASURED IN $","TOTAL","NOT SPECIFIED"," (D)","(D)"
"CENSUS","2017","YEAR","","COUNTY","VIRGINIA","51","EASTERN","60","GLOUCESTER","073","","","00000000","","INCOME, FARM-RELATED","INCOME, FARM-RELATED, FOREST PRODUCTS, (EXCL CHRISTMAS TREES & SHORT TERM WOODY CROPS & MAPLE SYRUP) - RECEIPTS, MEASURED IN $","TOTAL","NOT SPECIFIED"," (D)","(D)"
"CENSUS","2017","YEAR","","COUNTY","VIRGINIA","51","EASTERN","60","JAMES CITY","095","","","00000000","","INCOME, FARM-RELATED","INCOME, FARM-RELATED, FOREST PRODUCTS, (EXCL CHRISTMAS TREES & SHORT TERM WOODY CROPS & MAPLE SYRUP) - RECEIPTS, MEASURED IN $","TOTAL","NOT SPECIFIED"," (D)","(D)"
"CENSUS","2017","YEAR","","COUNTY","VIRGINIA","51","EASTERN","60","KING AND QUEEN","097","","","00000000","","INCOME, FARM-RELATED","INCOME, FARM-RELATED, FOREST PRODUCTS, (EXCL CHRISTMAS TREES & SHORT TERM WOODY CROPS & MAPLE SYRUP) - RECEIPTS, MEASURED IN $","TOTAL","NOT SPECIFIED"," (D)","(D)"
"CENSUS","2017","YEAR","","COUNTY","VIRGINIA","51","EASTERN","60","KING GEORGE","099","","","00000000","","INCOME, FARM-RELATED","INCOME, FARM-RELATED, FOREST PRODUCTS, (EXCL CHRISTMAS TREES & SHORT TERM WOODY CROPS & MAPLE SYRUP) - RECEIPTS, MEASURED IN $","TOTAL","NOT SPECIFIED"," (D)","(D)"
"CENSUS","2017","YEAR","","COUNTY","VIRGINIA","51","EASTERN","60","KING WILLIAM","101","","","00000000","","INCOME, FARM-RELATED","INCOME, FARM-RELATED, FOREST PRODUCTS, (EXCL CHRISTMAS TREES & SHORT TERM WOODY CROPS & MAPLE SYRUP) - RECEIPTS, MEASURED IN $","TOTAL","NOT SPECIFIED","248,000","74.7"
"CENSUS","2017","YEAR","","COUNTY","VIRGINIA","51","EASTERN","60","LANCASTER","103","","","00000000","","INCOME, FARM-RELATED","INCOME, FARM-RELATED, FOREST PRODUCTS, (EXCL CHRISTMAS TREES & SHORT TERM WOODY CROPS & MAPLE SYRUP) - RECEIPTS, MEASURED IN $","TOTAL","NOT SPECIFIED","228,000","74.7"
"CENSUS","2017","YEAR","","COUNTY","VIRGINIA","51","EASTERN","60","MIDDLESEX","119","","","00000000","","INCOME, FARM-RELATED","INCOME, FARM-RELATED, FOREST PRODUCTS, (EXCL CHRISTMAS TREES & SHORT TERM WOODY CROPS & MAPLE SYRUP) - RECEIPTS, MEASURED IN $","TOTAL","NOT SPECIFIED"," (D)","(D)"
"CENSUS","2017","YEAR","","COUNTY","VIRGINIA","51","EASTERN","60","NEW KENT","127","","","00000000","","INCOME, FARM-RELATED","INCOME, FARM-RELATED, FOREST PRODUCTS, (EXCL CHRISTMAS TREES & SHORT TERM WOODY CROPS & MAPLE SYRUP) - RECEIPTS, MEASURED IN $","TOTAL","NOT SPECIFIED"," (D)","(D)"
"CENSUS","2017","YEAR","","COUNTY","VIRGINIA","51","EASTERN","60","NORTHAMPTON","131","","","00000000","","INCOME, FARM-RELATED","INCOME, FARM-RELATED, FOREST PRODUCTS, (EXCL CHRISTMAS TREES & SHORT TERM WOODY CROPS & MAPLE SYRUP) - RECEIPTS, MEASURED IN $","TOTAL","NOT SPECIFIED"," (D)","(D)"
"CENSUS","2017","YEAR","","COUNTY","VIRGINIA","51","EASTERN","60","NORTHUMBERLAND","133","","","00000000","","INCOME, FARM-RELATED","INCOME, FARM-RELATED, FOREST PRODUCTS, (EXCL CHRISTMAS TREES & SHORT TERM WOODY CROPS & MAPLE SYRUP) - RECEIPTS, MEASURED IN $","TOTAL","NOT SPECIFIED","258,000","74.7"
"CENSUS","2017","YEAR","","COUNTY","VIRGINIA","51","EASTERN","60","RICHMOND","159","","","00000000","","INCOME, FARM-RELATED","INCOME, FARM-RELATED, FOREST PRODUCTS, (EXCL CHRISTMAS TREES & SHORT TERM WOODY CROPS & MAPLE SYRUP) - RECEIPTS, MEASURED IN $","TOTAL","NOT SPECIFIED"," (D)","(D)"
"CENSUS","2017","YEAR","","COUNTY","VIRGINIA","51","EASTERN","60","WESTMORELAND","193","","","00000000","","INCOME, FARM-RELATED","INCOME, FARM-RELATED, FOREST PRODUCTS, (EXCL CHRISTMAS TREES & SHORT TERM WOODY CROPS & MAPLE SYRUP) - RECEIPTS, MEASURED IN $","TOTAL","NOT SPECIFIED"," (D)","(D)"
"CENSUS","2017","YEAR","","COUNTY","VIRGINIA","51","EASTERN","60","YORK","199","","","00000000","","INCOME, FARM-RELATED","INCOME, FARM-RELATED, FOREST PRODUCTS, (EXCL CHRISTMAS TREES & SHORT TERM WOODY CROPS & MAPLE SYRUP) - RECEIPTS, MEASURED IN $","TOTAL","NOT SPECIFIED"," (D)","(D)"
"CENSUS","2017","YEAR","","COUNTY","VIRGINIA","51","NORTHERN","20","CLARKE","043","","","00000000","","INCOME, FARM-RELATED","INCOME, FARM-RELATED, FOREST PRODUCTS, (EXCL CHRISTMAS TREES & SHORT TERM WOODY CROPS & MAPLE SYRUP) - RECEIPTS, MEASURED IN $","TOTAL","NOT SPECIFIED","18,000","74.7"
"CENSUS","2017","YEAR","","COUNTY","VIRGINIA","51","NORTHERN","20","CULPEPER","047","","","00000000","","INCOME, FARM-RELATED","INCOME, FARM-RELATED, FOREST PRODUCTS, (EXCL CHRISTMAS TREES & SHORT TERM WOODY CROPS & MAPLE SYRUP) - RECEIPTS, MEASURED IN $","TOTAL","NOT SPECIFIED","655,000","74.7"
"CENSUS","2017","YEAR","","COUNTY","VIRGINIA","51","NORTHERN","20","FAIRFAX","059","","","00000000","","INCOME, FARM-RELATED","INCOME, FARM-RELATED, FOREST PRODUCTS, (EXCL CHRISTMAS TREES & SHORT TERM WOODY CROPS & MAPLE SYRUP) - RECEIPTS, MEASURED IN $","TOTAL","NOT SPECIFIED"," (D)","(D)"
"CENSUS","2017","YEAR","","COUNTY","VIRGINIA","51","NORTHERN","20","FAUQUIER","061","","","00000000","","INCOME, FARM-RELATED","INCOME, FARM-RELATED, FOREST PRODUCTS, (EXCL CHRISTMAS TREES & SHORT TERM WOODY CROPS & MAPLE SYRUP) - RECEIPTS, MEASURED IN $","TOTAL","NOT SPECIFIED","706,000","74.7"
"CENSUS","2017","YEAR","","COUNTY","VIRGINIA","51","NORTHERN","20","FREDERICK","069","","","00000000","","INCOME, FARM-RELATED","INCOME, FARM-RELATED, FOREST PRODUCTS, (EXCL CHRISTMAS TREES & SHORT TERM WOODY CROPS & MAPLE SYRUP) - RECEIPTS, MEASURED IN $","TOTAL","NOT SPECIFIED","260,000","74.7"
"CENSUS","2017","YEAR","","COUNTY","VIRGINIA","51","NORTHERN","20","LOUDOUN","107","","","00000000","","INCOME, FARM-RELATED","INCOME, FARM-RELATED, FOREST PRODUCTS, (EXCL CHRISTMAS TREES & SHORT TERM WOODY CROPS & MAPLE SYRUP) - RECEIPTS, MEASURED IN $","TOTAL","NOT SPECIFIED","322,000","74.7"
"CENSUS","2017","YEAR","","COUNTY","VIRGINIA","51","NORTHERN","20","MADISON","113","","","00000000","","INCOME, FARM-RELATED","INCOME, FARM-RELATED, FOREST PRODUCTS, (EXCL CHRISTMAS TREES & SHORT TERM WOODY CROPS & MAPLE SYRUP) - RECEIPTS, MEASURED IN $","TOTAL","NOT SPECIFIED","301,000","74.7"
"CENSUS","2017","YEAR","","COUNTY","VIRGINIA","51","NORTHERN","20","PAGE","139","","","00000000","","INCOME, FARM-RELATED","INCOME, FARM-RELATED, FOREST PRODUCTS, (EXCL CHRISTMAS TREES & SHORT TERM WOODY CROPS & MAPLE SYRUP) - RECEIPTS, MEASURED IN $","TOTAL","NOT SPECIFIED"," (D)","(D)"
"CENSUS","2017","YEAR","","COUNTY","VIRGINIA","51","NORTHERN","20","PRINCE WILLIAM","153","","","00000000","","INCOME, FARM-RELATED","INCOME, FARM-RELATED, FOREST PRODUCTS, (EXCL CHRISTMAS TREES & SHORT TERM WOODY CROPS & MAPLE SYRUP) - RECEIPTS, MEASURED IN $","TOTAL","NOT SPECIFIED"," (D)","(D)"
"CENSUS","2017","YEAR","","COUNTY","VIRGINIA","51","NORTHERN","20","RAPPAHANNOCK","157","","","00000000","","INCOME, FARM-RELATED","INCOME, FARM-RELATED, FOREST PRODUCTS, (EXCL CHRISTMAS TREES & SHORT TERM WOODY CROPS & MAPLE SYRUP) - RECEIPTS, MEASURED IN $","TOTAL","NOT SPECIFIED","102,000","74.7"
"CENSUS","2017","YEAR","","COUNTY","VIRGINIA","51","NORTHERN","20","ROCKINGHAM","165","","","00000000","","INCOME, FARM-RELATED","INCOME, FARM-RELATED, FOREST PRODUCTS, (EXCL CHRISTMAS TREES & SHORT TERM WOODY CROPS & MAPLE SYRUP) - RECEIPTS, MEASURED IN $","TOTAL","NOT SPECIFIED","661,000","74.7"
"CENSUS","2017","YEAR","","COUNTY","VIRGINIA","51","NORTHERN","20","SHENANDOAH","171","","","00000000","","INCOME, FARM-RELATED","INCOME, FARM-RELATED, FOREST PRODUCTS, (EXCL CHRISTMAS TREES & SHORT TERM WOODY CROPS & MAPLE SYRUP) - RECEIPTS, MEASURED IN $","TOTAL","NOT SPECIFIED","412,000","74.7"
"CENSUS","2017","YEAR","","COUNTY","VIRGINIA","51","NORTHERN","20","STAFFORD","179","","","00000000","","INCOME, FARM-RELATED","INCOME, FARM-RELATED, FOREST PRODUCTS, (EXCL CHRISTMAS TREES & SHORT TERM WOODY CROPS & MAPLE SYRUP) - RECEIPTS, MEASURED IN $","TOTAL","NOT SPECIFIED","3,000","74.7"
"CENSUS","2017","YEAR","","COUNTY","VIRGINIA","51","NORTHERN","20","WARREN","187","","","00000000","","INCOME, FARM-RELATED","INCOME, FARM-RELATED, FOREST PRODUCTS, (EXCL CHRISTMAS TREES & SHORT TERM WOODY CROPS & MAPLE SYRUP) - RECEIPTS, MEASURED IN $","TOTAL","NOT SPECIFIED","10,000","74.7"
"CENSUS","2017","YEAR","","COUNTY","VIRGINIA","51","SOUTHEASTERN","90","BRUNSWICK","025","","","00000000","","INCOME, FARM-RELATED","INCOME, FARM-RELATED, FOREST PRODUCTS, (EXCL CHRISTMAS TREES & SHORT TERM WOODY CROPS & MAPLE SYRUP) - RECEIPTS, MEASURED IN $","TOTAL","NOT SPECIFIED","989,000","74.7"
"CENSUS","2017","YEAR","","COUNTY","VIRGINIA","51","SOUTHEASTERN","90","CHESAPEAKE CITY","550","","","00000000","","INCOME, FARM-RELATED","INCOME, FARM-RELATED, FOREST PRODUCTS, (EXCL CHRISTMAS TREES & SHORT TERM WOODY CROPS & MAPLE SYRUP) - RECEIPTS, MEASURED IN $","TOTAL","NOT SPECIFIED"," (D)","(D)"
"CENSUS","2017","YEAR","","COUNTY","VIRGINIA","51","SOUTHEASTERN","90","DINWIDDIE","053","","","00000000","","INCOME, FARM-RELATED","INCOME, FARM-RELATED, FOREST PRODUCTS, (EXCL CHRISTMAS TREES & SHORT TERM WOODY CROPS & MAPLE SYRUP) - RECEIPTS, MEASURED IN $","TOTAL","NOT SPECIFIED","628,000","74.7"
"CENSUS","2017","YEAR","","COUNTY","VIRGINIA","51","SOUTHEASTERN","90","GREENSVILLE","081","","","00000000","","INCOME, FARM-RELATED","INCOME, FARM-RELATED, FOREST PRODUCTS, (EXCL CHRISTMAS TREES & SHORT TERM WOODY CROPS & MAPLE SYRUP) - RECEIPTS, MEASURED IN $","TOTAL","NOT SPECIFIED","291,000","74.7"
"CENSUS","2017","YEAR","","COUNTY","VIRGINIA","51","SOUTHEASTERN","90","ISLE OF WIGHT","093","","","00000000","","INCOME, FARM-RELATED","INCOME, FARM-RELATED, FOREST PRODUCTS, (EXCL CHRISTMAS TREES & SHORT TERM WOODY CROPS & MAPLE SYRUP) - RECEIPTS, MEASURED IN $","TOTAL","NOT SPECIFIED","163,000","74.7"
"CENSUS","2017","YEAR","","COUNTY","VIRGINIA","51","SOUTHEASTERN","90","MECKLENBURG","117","","","00000000","","INCOME, FARM-RELATED","INCOME, FARM-RELATED, FOREST PRODUCTS, (EXCL CHRISTMAS TREES & SHORT TERM WOODY CROPS & MAPLE SYRUP) - RECEIPTS, MEASURED IN $","TOTAL","NOT SPECIFIED","455,000","74.7"
"CENSUS","2017","YEAR","","COUNTY","VIRGINIA","51","SOUTHEASTERN","90","PRINCE GEORGE","149","","","00000000","","INCOME, FARM-RELATED","INCOME, FARM-RELATED, FOREST PRODUCTS, (EXCL CHRISTMAS TREES & SHORT TERM WOODY CROPS & MAPLE SYRUP) - RECEIPTS, MEASURED IN $","TOTAL","NOT SPECIFIED"," (D)","(D)"
"CENSUS","2017","YEAR","","COUNTY","VIRGINIA","51","SOUTHEASTERN","90","SOUTHAMPTON","175","","","00000000","","INCOME, FARM-RELATED","INCOME, FARM-RELATED, FOREST PRODUCTS, (EXCL CHRISTMAS TREES & SHORT TERM WOODY CROPS & MAPLE SYRUP) - RECEIPTS, MEASURED IN $","TOTAL","NOT SPECIFIED","739,000","74.7"
"CENSUS","2017","YEAR","","COUNTY","VIRGINIA","51","SOUTHEASTERN","90","SUFFOLK CITY","800","","","00000000","","INCOME, FARM-RELATED","INCOME, FARM-RELATED, FOREST PRODUCTS, (EXCL CHRISTMAS TREES & SHORT TERM WOODY CROPS & MAPLE SYRUP) - RECEIPTS, MEASURED IN $","TOTAL","NOT SPECIFIED","96,000","74.7"
"CENSUS","2017","YEAR","","COUNTY","VIRGINIA","51","SOUTHEASTERN","90","SURRY","181","","","00000000","","INCOME, FARM-RELATED","INCOME, FARM-RELATED, FOREST PRODUCTS, (EXCL CHRISTMAS TREES & SHORT TERM WOODY CROPS & MAPLE SYRUP) - RECEIPTS, MEASURED IN $","TOTAL","NOT SPECIFIED"," (D)","(D)"
"CENSUS","2017","YEAR","","COUNTY","VIRGINIA","51","SOUTHEASTERN","90","SUSSEX","183","","","00000000","","INCOME, FARM-RELATED","INCOME, FARM-RELATED, FOREST PRODUCTS, (EXCL CHRISTMAS TREES & SHORT TERM WOODY CROPS & MAPLE SYRUP) - RECEIPTS, MEASURED IN $","TOTAL","NOT SPECIFIED"," (D)","(D)"
"CENSUS","2017","YEAR","","COUNTY","VIRGINIA","51","SOUTHEASTERN","90","VIRGINIA BEACH CITY","810","","","00000000","","INCOME, FARM-RELATED","INCOME, FARM-RELATED, FOREST PRODUCTS, (EXCL CHRISTMAS TREES & SHORT TERM WOODY CROPS & MAPLE SYRUP) - RECEIPTS, MEASURED IN $","TOTAL","NOT SPECIFIED"," (Z)","74.7"
"CENSUS","2017","YEAR","","COUNTY","VIRGINIA","51","SOUTHERN","80","CHARLOTTE","037","","","00000000","","INCOME, FARM-RELATED","INCOME, FARM-RELATED, FOREST PRODUCTS, (EXCL CHRISTMAS TREES & SHORT TERM WOODY CROPS & MAPLE SYRUP) - RECEIPTS, MEASURED IN $","TOTAL","NOT SPECIFIED","934,000","74.7"
"CENSUS","2017","YEAR","","COUNTY","VIRGINIA","51","SOUTHERN","80","FRANKLIN","067","","","00000000","","INCOME, FARM-RELATED","INCOME, FARM-RELATED, FOREST PRODUCTS, (EXCL CHRISTMAS TREES & SHORT TERM WOODY CROPS & MAPLE SYRUP) - RECEIPTS, MEASURED IN $","TOTAL","NOT SPECIFIED","732,000","74.7"
"CENSUS","2017","YEAR","","COUNTY","VIRGINIA","51","SOUTHERN","80","HALIFAX","083","","","00000000","","INCOME, FARM-RELATED","INCOME, FARM-RELATED, FOREST PRODUCTS, (EXCL CHRISTMAS TREES & SHORT TERM WOODY CROPS & MAPLE SYRUP) - RECEIPTS, MEASURED IN $","TOTAL","NOT SPECIFIED","3,683,000","74.7"
"CENSUS","2017","YEAR","","COUNTY","VIRGINIA","51","SOUTHERN","80","HENRY","089","","","00000000","","INCOME, FARM-RELATED","INCOME, FARM-RELATED, FOREST PRODUCTS, (EXCL CHRISTMAS TREES & SHORT TERM WOODY CROPS & MAPLE SYRUP) - RECEIPTS, MEASURED IN $","TOTAL","NOT SPECIFIED","367,000","74.7"
"CENSUS","2017","YEAR","","COUNTY","VIRGINIA","51","SOUTHERN","80","LUNENBURG","111","","","00000000","","INCOME, FARM-RELATED","INCOME, FARM-RELATED, FOREST PRODUCTS, (EXCL CHRISTMAS TREES & SHORT TERM WOODY CROPS & MAPLE SYRUP) - RECEIPTS, MEASURED IN $","TOTAL","NOT SPECIFIED","227,000","74.7"
"CENSUS","2017","YEAR","","COUNTY","VIRGINIA","51","SOUTHERN","80","NOTTOWAY","135","","","00000000","","INCOME, FARM-RELATED","INCOME, FARM-RELATED, FOREST PRODUCTS, (EXCL CHRISTMAS TREES & SHORT TERM WOODY CROPS & MAPLE SYRUP) - RECEIPTS, MEASURED IN $","TOTAL","NOT SPECIFIED","843,000","74.7"
"CENSUS","2017","YEAR","","COUNTY","VIRGINIA","51","SOUTHERN","80","PATRICK","141","","","00000000","","INCOME, FARM-RELATED","INCOME, FARM-RELATED, FOREST PRODUCTS, (EXCL CHRISTMAS TREES & SHORT TERM WOODY CROPS & MAPLE SYRUP) - RECEIPTS, MEASURED IN $","TOTAL","NOT SPECIFIED","170,000","74.7"
"CENSUS","2017","YEAR","","COUNTY","VIRGINIA","51","SOUTHERN","80","PITTSYLVANIA","143","","","00000000","","INCOME, FARM-RELATED","INCOME, FARM-RELATED, FOREST PRODUCTS, (EXCL CHRISTMAS TREES & SHORT TERM WOODY CROPS & MAPLE SYRUP) - RECEIPTS, MEASURED IN $","TOTAL","NOT SPECIFIED","4,140,000","74.7"
"CENSUS","2017","YEAR","","COUNTY","VIRGINIA","51","SOUTHWESTERN","70","BLAND","021","","","00000000","","INCOME, FARM-RELATED","INCOME, FARM-RELATED, FOREST PRODUCTS, (EXCL CHRISTMAS TREES & SHORT TERM WOODY CROPS & MAPLE SYRUP) - RECEIPTS, MEASURED IN $","TOTAL","NOT SPECIFIED","18,000","74.7"
"CENSUS","2017","YEAR","","COUNTY","VIRGINIA","51","SOUTHWESTERN","70","BUCHANAN","027","","","00000000","","INCOME, FARM-RELATED","INCOME, FARM-RELATED, FOREST PRODUCTS, (EXCL CHRISTMAS TREES & SHORT TERM WOODY CROPS & MAPLE SYRUP) - RECEIPTS, MEASURED IN $","TOTAL","NOT SPECIFIED","6,000","74.7"
"CENSUS","2017","YEAR","","COUNTY","VIRGINIA","51","SOUTHWESTERN","70","CARROLL","035","","","00000000","","INCOME, FARM-RELATED","INCOME, FARM-RELATED, FOREST PRODUCTS, (EXCL CHRISTMAS TREES & SHORT TERM WOODY CROPS & MAPLE SYRUP) - RECEIPTS, MEASURED IN $","TOTAL","NOT SPECIFIED","820,000","74.7"
"CENSUS","2017","YEAR","","COUNTY","VIRGINIA","51","SOUTHWESTERN","70","DICKENSON","051","","","00000000","","INCOME, FARM-RELATED","INCOME, FARM-RELATED, FOREST PRODUCTS, (EXCL CHRISTMAS TREES & SHORT TERM WOODY CROPS & MAPLE SYRUP) - RECEIPTS, MEASURED IN $","TOTAL","NOT SPECIFIED","171,000","74.7"
"CENSUS","2017","YEAR","","COUNTY","VIRGINIA","51","SOUTHWESTERN","70","FLOYD","063","","","00000000","","INCOME, FARM-RELATED","INCOME, FARM-RELATED, FOREST PRODUCTS, (EXCL CHRISTMAS TREES & SHORT TERM WOODY CROPS & MAPLE SYRUP) - RECEIPTS, MEASURED IN $","TOTAL","NOT SPECIFIED","734,000","74.7"
"CENSUS","2017","YEAR","","COUNTY","VIRGINIA","51","SOUTHWESTERN","70","GILES","071","","","00000000","","INCOME, FARM-RELATED","INCOME, FARM-RELATED, FOREST PRODUCTS, (EXCL CHRISTMAS TREES & SHORT TERM WOODY CROPS & MAPLE SYRUP) - RECEIPTS, MEASURED IN $","TOTAL","NOT SPECIFIED","112,000","74.7"
"CENSUS","2017","YEAR","","COUNTY","VIRGINIA","51","SOUTHWESTERN","70","GRAYSON","077","","","00000000","","INCOME, FARM-RELATED","INCOME, FARM-RELATED, FOREST PRODUCTS, (EXCL CHRISTMAS TREES & SHORT TERM WOODY CROPS & MAPLE SYRUP) - RECEIPTS, MEASURED IN $","TOTAL","NOT SPECIFIED","968,000","74.7"
"CENSUS","2017","YEAR","","COUNTY","VIRGINIA","51","SOUTHWESTERN","70","LEE","105","","","00000000","","INCOME, FARM-RELATED","INCOME, FARM-RELATED, FOREST PRODUCTS, (EXCL CHRISTMAS TREES & SHORT TERM WOODY CROPS & MAPLE SYRUP) - RECEIPTS, MEASURED IN $","TOTAL","NOT SPECIFIED","195,000","74.7"
"CENSUS","2017","YEAR","","COUNTY","VIRGINIA","51","SOUTHWESTERN","70","MONTGOMERY","121","","","00000000","","INCOME, FARM-RELATED","INCOME, FARM-RELATED, FOREST PRODUCTS, (EXCL CHRISTMAS TREES & SHORT TERM WOODY CROPS & MAPLE SYRUP) - RECEIPTS, MEASURED IN $","TOTAL","NOT SPECIFIED","301,000","74.7"
"CENSUS","2017","YEAR","","COUNTY","VIRGINIA","51","SOUTHWESTERN","70","PULASKI","155","","","00000000","","INCOME, FARM-RELATED","INCOME, FARM-RELATED, FOREST PRODUCTS, (EXCL CHRISTMAS TREES & SHORT TERM WOODY CROPS & MAPLE SYRUP) - RECEIPTS, MEASURED IN $","TOTAL","NOT SPECIFIED","236,000","74.7"
"CENSUS","2017","YEAR","","COUNTY","VIRGINIA","51","SOUTHWESTERN","70","RUSSELL","167","","","00000000","","INCOME, FARM-RELATED","INCOME, FARM-RELATED, FOREST PRODUCTS, (EXCL CHRISTMAS TREES & SHORT TERM WOODY CROPS & MAPLE SYRUP) - RECEIPTS, MEASURED IN $","TOTAL","NOT SPECIFIED","666,000","74.7"
"CENSUS","2017","YEAR","","COUNTY","VIRGINIA","51","SOUTHWESTERN","70","SCOTT","169","","","00000000","","INCOME, FARM-RELATED","INCOME, FARM-RELATED, FOREST PRODUCTS, (EXCL CHRISTMAS TREES & SHORT TERM WOODY CROPS & MAPLE SYRUP) - RECEIPTS, MEASURED IN $","TOTAL","NOT SPECIFIED","796,000","74.7"
"CENSUS","2017","YEAR","","COUNTY","VIRGINIA","51","SOUTHWESTERN","70","SMYTH","173","","","00000000","","INCOME, FARM-RELATED","INCOME, FARM-RELATED, FOREST PRODUCTS, (EXCL CHRISTMAS TREES & SHORT TERM WOODY CROPS & MAPLE SYRUP) - RECEIPTS, MEASURED IN $","TOTAL","NOT SPECIFIED","127,000","74.7"
"CENSUS","2017","YEAR","","COUNTY","VIRGINIA","51","SOUTHWESTERN","70","TAZEWELL","185","","","00000000","","INCOME, FARM-RELATED","INCOME, FARM-RELATED, FOREST PRODUCTS, (EXCL CHRISTMAS TREES & SHORT TERM WOODY CROPS & MAPLE SYRUP) - RECEIPTS, MEASURED IN $","TOTAL","NOT SPECIFIED","431,000","74.7"
"CENSUS","2017","YEAR","","COUNTY","VIRGINIA","51","SOUTHWESTERN","70","WASHINGTON","191","","","00000000","","INCOME, FARM-RELATED","INCOME, FARM-RELATED, FOREST PRODUCTS, (EXCL CHRISTMAS TREES & SHORT TERM WOODY CROPS & MAPLE SYRUP) - RECEIPTS, MEASURED IN $","TOTAL","NOT SPECIFIED","396,000","74.7"
"CENSUS","2017","YEAR","","COUNTY","VIRGINIA","51","SOUTHWESTERN","70","WISE","195","","","00000000","","INCOME, FARM-RELATED","INCOME, FARM-RELATED, FOREST PRODUCTS, (EXCL CHRISTMAS TREES & SHORT TERM WOODY CROPS & MAPLE SYRUP) - RECEIPTS, MEASURED IN $","TOTAL","NOT SPECIFIED","326,000","74.7"
"CENSUS","2017","YEAR","","COUNTY","VIRGINIA","51","SOUTHWESTERN","70","WYTHE","197","","","00000000","","INCOME, FARM-RELATED","INCOME, FARM-RELATED, FOREST PRODUCTS, (EXCL CHRISTMAS TREES & SHORT TERM WOODY CROPS & MAPLE SYRUP) - RECEIPTS, MEASURED IN $","TOTAL","NOT SPECIFIED","167,000","74.7"
"CENSUS","2017","YEAR","","COUNTY","VIRGINIA","51","WESTERN","40","ALLEGHANY","005","","","00000000","","INCOME, FARM-RELATED","INCOME, FARM-RELATED, FOREST PRODUCTS, (EXCL CHRISTMAS TREES & SHORT TERM WOODY CROPS & MAPLE SYRUP) - RECEIPTS, MEASURED IN $","TOTAL","NOT SPECIFIED","69,000","74.7"
"CENSUS","2017","YEAR","","COUNTY","VIRGINIA","51","WESTERN","40","AUGUSTA","015","","","00000000","","INCOME, FARM-RELATED","INCOME, FARM-RELATED, FOREST PRODUCTS, (EXCL CHRISTMAS TREES & SHORT TERM WOODY CROPS & MAPLE SYRUP) - RECEIPTS, MEASURED IN $","TOTAL","NOT SPECIFIED","346,000","74.7"
"CENSUS","2017","YEAR","","COUNTY","VIRGINIA","51","WESTERN","40","BATH","017","","","00000000","","INCOME, FARM-RELATED","INCOME, FARM-RELATED, FOREST PRODUCTS, (EXCL CHRISTMAS TREES & SHORT TERM WOODY CROPS & MAPLE SYRUP) - RECEIPTS, MEASURED IN $","TOTAL","NOT SPECIFIED","88,000","74.7"
"CENSUS","2017","YEAR","","COUNTY","VIRGINIA","51","WESTERN","40","BOTETOURT","023","","","00000000","","INCOME, FARM-RELATED","INCOME, FARM-RELATED, FOREST PRODUCTS, (EXCL CHRISTMAS TREES & SHORT TERM WOODY CROPS & MAPLE SYRUP) - RECEIPTS, MEASURED IN $","TOTAL","NOT SPECIFIED","508,000","74.7"
"CENSUS","2017","YEAR","","COUNTY","VIRGINIA","51","WESTERN","40","CRAIG","045","","","00000000","","INCOME, FARM-RELATED","INCOME, FARM-RELATED, FOREST PRODUCTS, (EXCL CHRISTMAS TREES & SHORT TERM WOODY CROPS & MAPLE SYRUP) - RECEIPTS, MEASURED IN $","TOTAL","NOT SPECIFIED"," (D)","(D)"
"CENSUS","2017","YEAR","","COUNTY","VIRGINIA","51","WESTERN","40","HIGHLAND","091","","","00000000","","INCOME, FARM-RELATED","INCOME, FARM-RELATED, FOREST PRODUCTS, (EXCL CHRISTMAS TREES & SHORT TERM WOODY CROPS & MAPLE SYRUP) - RECEIPTS, MEASURED IN $","TOTAL","NOT SPECIFIED","140,000","74.7"
"CENSUS","2017","YEAR","","COUNTY","VIRGINIA","51","WESTERN","40","ROANOKE","161","","","00000000","","INCOME, FARM-RELATED","INCOME, FARM-RELATED, FOREST PRODUCTS, (EXCL CHRISTMAS TREES & SHORT TERM WOODY CROPS & MAPLE SYRUP) - RECEIPTS, MEASURED IN $","TOTAL","NOT SPECIFIED"," (D)","(D)"
"CENSUS","2017","YEAR","","COUNTY","VIRGINIA","51","WESTERN","40","ROCKBRIDGE","163","","","00000000","","INCOME, FARM-RELATED","INCOME, FARM-RELATED, FOREST PRODUCTS, (EXCL CHRISTMAS TREES & SHORT TERM WOODY CROPS & MAPLE SYRUP) - RECEIPTS, MEASURED IN $","TOTAL","NOT SPECIFIED","224,000","74.7"
