Year,Geo Level,State,State ANSI,County,County ANSI,Commodity,Data Item,Domain,Domain Category,Value
2017,COUNTY,IOWA,19,BOONE,15,FARM OPERATIONS,FARM OPERATIONS - ACRES OPERATED,TOTAL,NOT SPECIFIED,"315,061"
2017,COUNTY,IOWA,19,DALLAS,49,FARM OPERATIONS,FARM OPERATIONS - ACRES OPERATED,TOTAL,NOT SPECIFIED,"293,435"
2017,COUNTY,IOWA,19,GRUNDY,75,FARM OPERATIONS,FARM OPERATIONS - ACRES OPERATED,TOTAL,NOT SPECIFIED,"308,030"
2017,COUNTY,IOWA,19,HAMILTON,79,FARM OPERATIONS,FARM OPERATIONS - ACRES OPERATED,TOTAL,NOT SPECIFIED,"315,307"
2017,COUNTY,IOWA,19,HARDIN,83,FARM OPERATIONS,FARM OPERATIONS - ACRES OPERATED,TOTAL,NOT SPECIFIED,"336,611"
2017,COUNTY,IOWA,19,JASPER,99,FARM OPERATIONS,FARM OPERATIONS - ACRES OPERATED,TOTAL,NOT SPECIFIED,"378,175"
2017,COUNTY,IOWA,19,MARSHALL,127,FARM OPERATIONS,FARM OPERATIONS - ACRES OPERATED,TOTAL,NOT SPECIFIED,"316,451"
2017,COUNTY,IOWA,19,POLK,153,FARM OPERATIONS,FARM OPERATIONS - ACRES OPERATED,TOTAL,NOT SPECIFIED,"193,780"
2017,COUNTY,IOWA,19,POWESHIEK,157,FARM OPERATIONS,FARM OPERATIONS - ACRES OPERATED,TOTAL,NOT SPECIFIED,"339,589"
2017,COUNTY,IOWA,19,STORY,169,FARM OPERATIONS,FARM OPERATIONS - ACRES OPERATED,TOTAL,NOT SPECIFIED,"304,022"
2017,COUNTY,IOWA,19,TAMA,171,FARM OPERATIONS,FARM OPERATIONS - ACRES OPERATED,TOTAL,NOT SPECIFIED,"406,984"
2017,COUNTY,IOWA,19,WEBSTER,187,FARM OPERATIONS,FARM OPERATIONS - ACRES OPERATED,TOTAL,NOT SPECIFIED,"409,293"
2017,COUNTY,IOWA,19,BENTON,11,FARM OPERATIONS,FARM OPERATIONS - ACRES OPERATED,TOTAL,NOT SPECIFIED,"420,639"
2017,COUNTY,IOWA,19,CEDAR,31,FARM OPERATIONS,FARM OPERATIONS - ACRES OPERATED,TOTAL,NOT SPECIFIED,"340,387"
2017,COUNTY,IOWA,19,CLINTON,45,FARM OPERATIONS,FARM OPERATIONS - ACRES OPERATED,TOTAL,NOT SPECIFIED,"402,733"
2017,COUNTY,IOWA,19,IOWA,95,FARM OPERATIONS,FARM OPERATIONS - ACRES OPERATED,TOTAL,NOT SPECIFIED,"346,569"
2017,COUNTY,IOWA,19,JACKSON,97,FARM OPERATIONS,FARM OPERATIONS - ACRES OPERATED,TOTAL,NOT SPECIFIED,"315,748"
2017,COUNTY,IOWA,19,JOHNSON,103,FARM OPERATIONS,FARM OPERATIONS - ACRES OPERATED,TOTAL,NOT SPECIFIED,"304,239"
2017,COUNTY,IOWA,19,JONES,105,FARM OPERATIONS,FARM OPERATIONS - ACRES OPERATED,TOTAL,NOT SPECIFIED,"343,688"
2017,COUNTY,IOWA,19,LINN,113,FARM OPERATIONS,FARM OPERATIONS - ACRES OPERATED,TOTAL,NOT SPECIFIED,"324,507"
2017,COUNTY,IOWA,19,MUSCATINE,139,FARM OPERATIONS,FARM OPERATIONS - ACRES OPERATED,TOTAL,NOT SPECIFIED,"219,283"
2017,COUNTY,IOWA,19,SCOTT,163,FARM OPERATIONS,FARM OPERATIONS - ACRES OPERATED,TOTAL,NOT SPECIFIED,"219,935"
2017,COUNTY,IOWA,19,BUTLER,23,FARM OPERATIONS,FARM OPERATIONS - ACRES OPERATED,TOTAL,NOT SPECIFIED,"359,246"
2017,COUNTY,IOWA,19,CERRO GORDO,33,FARM OPERATIONS,FARM OPERATIONS - ACRES OPERATED,TOTAL,NOT SPECIFIED,"319,791"
2017,COUNTY,IOWA,19,FLOYD,67,FARM OPERATIONS,FARM OPERATIONS - ACRES OPERATED,TOTAL,NOT SPECIFIED,"310,757"
2017,COUNTY,IOWA,19,FRANKLIN,69,FARM OPERATIONS,FARM OPERATIONS - ACRES OPERATED,TOTAL,NOT SPECIFIED,"349,217"
2017,COUNTY,IOWA,19,HANCOCK,81,FARM OPERATIONS,FARM OPERATIONS - ACRES OPERATED,TOTAL,NOT SPECIFIED,"345,431"
2017,COUNTY,IOWA,19,HUMBOLDT,91,FARM OPERATIONS,FARM OPERATIONS - ACRES OPERATED,TOTAL,NOT SPECIFIED,"239,534"
2017,COUNTY,IOWA,19,KOSSUTH,109,FARM OPERATIONS,FARM OPERATIONS - ACRES OPERATED,TOTAL,NOT SPECIFIED,"593,983"
2017,COUNTY,IOWA,19,MITCHELL,131,FARM OPERATIONS,FARM OPERATIONS - ACRES OPERATED,TOTAL,NOT SPECIFIED,"289,250"
2017,COUNTY,IOWA,19,WINNEBAGO,189,FARM OPERATIONS,FARM OPERATIONS - ACRES OPERATED,TOTAL,NOT SPECIFIED,"246,106"
2017,COUNTY,IOWA,19,WORTH,195,FARM OPERATIONS,FARM OPERATIONS - ACRES OPERATED,TOTAL,NOT SPECIFIED,"238,824"
2017,COUNTY,IOWA,19,WRIGHT,197,FARM OPERATIONS,FARM OPERATIONS - ACRES OPERATED,TOTAL,NOT SPECIFIED,"356,303"
2017,COUNTY,IOWA,19,ALLAMAKEE,5,FARM OPERATIONS,FARM OPERATIONS - ACRES OPERATED,TOTAL,NOT SPECIFIED,"291,726"
2017,COUNTY,IOWA,19,BLACK HAWK,13,FARM OPERATIONS,FARM OPERATIONS - ACRES OPERATED,TOTAL,NOT SPECIFIED,"292,163"
2017,COUNTY,IOWA,19,BREMER,17,FARM OPERATIONS,FARM OPERATIONS - ACRES OPERATED,TOTAL,NOT SPECIFIED,"262,085"
2017,COUNTY,IOWA,19,BUCHANAN,19,FARM OPERATIONS,FARM OPERATIONS - ACRES OPERATED,TOTAL,NOT SPECIFIED,"329,781"
2017,COUNTY,IOWA,19,CHICKASAW,37,FARM OPERATIONS,FARM OPERATIONS - ACRES OPERATED,TOTAL,NOT SPECIFIED,"293,096"
2017,COUNTY,IOWA,19,CLAYTON,43,FARM OPERATIONS,FARM OPERATIONS - ACRES OPERATED,TOTAL,NOT SPECIFIED,"412,655"
2017,COUNTY,IOWA,19,DELAWARE,55,FARM OPERATIONS,FARM OPERATIONS - ACRES OPERATED,TOTAL,NOT SPECIFIED,"364,645"
2017,COUNTY,IOWA,19,DUBUQUE,61,FARM OPERATIONS,FARM OPERATIONS - ACRES OPERATED,TOTAL,NOT SPECIFIED,"313,476"
2017,COUNTY,IOWA,19,FAYETTE,65,FARM OPERATIONS,FARM OPERATIONS - ACRES OPERATED,TOTAL,NOT SPECIFIED,"384,871"
2017,COUNTY,IOWA,19,HOWARD,89,FARM OPERATIONS,FARM OPERATIONS - ACRES OPERATED,TOTAL,NOT SPECIFIED,"299,175"
2017,COUNTY,IOWA,19,WINNESHIEK,191,FARM OPERATIONS,FARM OPERATIONS - ACRES OPERATED,TOTAL,NOT SPECIFIED,"391,393"
2017,COUNTY,IOWA,19,BUENA VISTA,21,FARM OPERATIONS,FARM OPERATIONS - ACRES OPERATED,TOTAL,NOT SPECIFIED,"356,640"
2017,COUNTY,IOWA,19,CHEROKEE,35,FARM OPERATIONS,FARM OPERATIONS - ACRES OPERATED,TOTAL,NOT SPECIFIED,"338,678"
2017,COUNTY,IOWA,19,CLAY,41,FARM OPERATIONS,FARM OPERATIONS - ACRES OPERATED,TOTAL,NOT SPECIFIED,"329,109"
2017,COUNTY,IOWA,19,DICKINSON,59,FARM OPERATIONS,FARM OPERATIONS - ACRES OPERATED,TOTAL,NOT SPECIFIED,"187,273"
2017,COUNTY,IOWA,19,EMMET,63,FARM OPERATIONS,FARM OPERATIONS - ACRES OPERATED,TOTAL,NOT SPECIFIED,"229,814"
2017,COUNTY,IOWA,19,LYON,119,FARM OPERATIONS,FARM OPERATIONS - ACRES OPERATED,TOTAL,NOT SPECIFIED,"346,280"
2017,COUNTY,IOWA,19,O BRIEN,141,FARM OPERATIONS,FARM OPERATIONS - ACRES OPERATED,TOTAL,NOT SPECIFIED,"314,245"
2017,COUNTY,IOWA,19,OSCEOLA,143,FARM OPERATIONS,FARM OPERATIONS - ACRES OPERATED,TOTAL,NOT SPECIFIED,"234,824"
2017,COUNTY,IOWA,19,PALO ALTO,147,FARM OPERATIONS,FARM OPERATIONS - ACRES OPERATED,TOTAL,NOT SPECIFIED,"342,027"
2017,COUNTY,IOWA,19,PLYMOUTH,149,FARM OPERATIONS,FARM OPERATIONS - ACRES OPERATED,TOTAL,NOT SPECIFIED,"503,438"
2017,COUNTY,IOWA,19,POCAHONTAS,151,FARM OPERATIONS,FARM OPERATIONS - ACRES OPERATED,TOTAL,NOT SPECIFIED,"329,401"
2017,COUNTY,IOWA,19,SIOUX,167,FARM OPERATIONS,FARM OPERATIONS - ACRES OPERATED,TOTAL,NOT SPECIFIED,"483,501"
2017,COUNTY,IOWA,19,APPANOOSE,7,FARM OPERATIONS,FARM OPERATIONS - ACRES OPERATED,TOTAL,NOT SPECIFIED,"179,274"
2017,COUNTY,IOWA,19,CLARKE,39,FARM OPERATIONS,FARM OPERATIONS - ACRES OPERATED,TOTAL,NOT SPECIFIED,"192,845"
2017,COUNTY,IOWA,19,DECATUR,53,FARM OPERATIONS,FARM OPERATIONS - ACRES OPERATED,TOTAL,NOT SPECIFIED,"236,134"
2017,COUNTY,IOWA,19,LUCAS,117,FARM OPERATIONS,FARM OPERATIONS - ACRES OPERATED,TOTAL,NOT SPECIFIED,"175,437"
2017,COUNTY,IOWA,19,MADISON,121,FARM OPERATIONS,FARM OPERATIONS - ACRES OPERATED,TOTAL,NOT SPECIFIED,"271,017"
2017,COUNTY,IOWA,19,MARION,125,FARM OPERATIONS,FARM OPERATIONS - ACRES OPERATED,TOTAL,NOT SPECIFIED,"255,013"
2017,COUNTY,IOWA,19,MONROE,135,FARM OPERATIONS,FARM OPERATIONS - ACRES OPERATED,TOTAL,NOT SPECIFIED,"193,082"
2017,COUNTY,IOWA,19,RINGGOLD,159,FARM OPERATIONS,FARM OPERATIONS - ACRES OPERATED,TOTAL,NOT SPECIFIED,"303,198"
2017,COUNTY,IOWA,19,UNION,175,FARM OPERATIONS,FARM OPERATIONS - ACRES OPERATED,TOTAL,NOT SPECIFIED,"246,058"
2017,COUNTY,IOWA,19,WARREN,181,FARM OPERATIONS,FARM OPERATIONS - ACRES OPERATED,TOTAL,NOT SPECIFIED,"247,153"
2017,COUNTY,IOWA,19,WAYNE,185,FARM OPERATIONS,FARM OPERATIONS - ACRES OPERATED,TOTAL,NOT SPECIFIED,"285,213"
2017,COUNTY,IOWA,19,DAVIS,51,FARM OPERATIONS,FARM OPERATIONS - ACRES OPERATED,TOTAL,NOT SPECIFIED,"198,596"
2017,COUNTY,IOWA,19,DES MOINES,57,FARM OPERATIONS,FARM OPERATIONS - ACRES OPERATED,TOTAL,NOT SPECIFIED,"174,662"
2017,COUNTY,IOWA,19,HENRY,87,FARM OPERATIONS,FARM OPERATIONS - ACRES OPERATED,TOTAL,NOT SPECIFIED,"261,841"
2017,COUNTY,IOWA,19,JEFFERSON,101,FARM OPERATIONS,FARM OPERATIONS - ACRES OPERATED,TOTAL,NOT SPECIFIED,"205,904"
2017,COUNTY,IOWA,19,KEOKUK,107,FARM OPERATIONS,FARM OPERATIONS - ACRES OPERATED,TOTAL,NOT SPECIFIED,"318,213"
2017,COUNTY,IOWA,19,LEE,111,FARM OPERATIONS,FARM OPERATIONS - ACRES OPERATED,TOTAL,NOT SPECIFIED,"220,410"
2017,COUNTY,IOWA,19,LOUISA,115,FARM OPERATIONS,FARM OPERATIONS - ACRES OPERATED,TOTAL,NOT SPECIFIED,"190,019"
2017,COUNTY,IOWA,19,MAHASKA,123,FARM OPERATIONS,FARM OPERATIONS - ACRES OPERATED,TOTAL,NOT SPECIFIED,"311,136"
2017,COUNTY,IOWA,19,VAN BUREN,177,FARM OPERATIONS,FARM OPERATIONS - ACRES OPERATED,TOTAL,NOT SPECIFIED,"210,319"
2017,COUNTY,IOWA,19,WAPELLO,179,FARM OPERATIONS,FARM OPERATIONS - ACRES OPERATED,TOTAL,NOT SPECIFIED,"199,424"
2017,COUNTY,IOWA,19,WASHINGTON,183,FARM OPERATIONS,FARM OPERATIONS - ACRES OPERATED,TOTAL,NOT SPECIFIED,"310,445"
2017,COUNTY,IOWA,19,ADAIR,1,FARM OPERATIONS,FARM OPERATIONS - ACRES OPERATED,TOTAL,NOT SPECIFIED,"334,850"
2017,COUNTY,IOWA,19,ADAMS,3,FARM OPERATIONS,FARM OPERATIONS - ACRES OPERATED,TOTAL,NOT SPECIFIED,"223,454"
2017,COUNTY,IOWA,19,CASS,29,FARM OPERATIONS,FARM OPERATIONS - ACRES OPERATED,TOTAL,NOT SPECIFIED,"284,752"
2017,COUNTY,IOWA,19,FREMONT,71,FARM OPERATIONS,FARM OPERATIONS - ACRES OPERATED,TOTAL,NOT SPECIFIED,"274,248"
2017,COUNTY,IOWA,19,MILLS,129,FARM OPERATIONS,FARM OPERATIONS - ACRES OPERATED,TOTAL,NOT SPECIFIED,"207,505"
2017,COUNTY,IOWA,19,MONTGOMERY,137,FARM OPERATIONS,FARM OPERATIONS - ACRES OPERATED,TOTAL,NOT SPECIFIED,"244,890"
2017,COUNTY,IOWA,19,PAGE,145,FARM OPERATIONS,FARM OPERATIONS - ACRES OPERATED,TOTAL,NOT SPECIFIED,"325,450"
2017,COUNTY,IOWA,19,POTTAWATTAMIE,155,FARM OPERATIONS,FARM OPERATIONS - ACRES OPERATED,TOTAL,NOT SPECIFIED,"511,714"
2017,COUNTY,IOWA,19,TAYLOR,173,FARM OPERATIONS,FARM OPERATIONS - ACRES OPERATED,TOTAL,NOT SPECIFIED,"288,530"
2017,COUNTY,IOWA,19,AUDUBON,9,FARM OPERATIONS,FARM OPERATIONS - ACRES OPERATED,TOTAL,NOT SPECIFIED,"275,557"
2017,COUNTY,IOWA,19,CALHOUN,25,FARM OPERATIONS,FARM OPERATIONS - ACRES OPERATED,TOTAL,NOT SPECIFIED,"351,082"
2017,COUNTY,IOWA,19,CARROLL,27,FARM OPERATIONS,FARM OPERATIONS - ACRES OPERATED,TOTAL,NOT SPECIFIED,"348,944"
2017,COUNTY,IOWA,19,CRAWFORD,47,FARM OPERATIONS,FARM OPERATIONS - ACRES OPERATED,TOTAL,NOT SPECIFIED,"439,773"
2017,COUNTY,IOWA,19,GREENE,73,FARM OPERATIONS,FARM OPERATIONS - ACRES OPERATED,TOTAL,NOT SPECIFIED,"351,286"
2017,COUNTY,IOWA,19,GUTHRIE,77,FARM OPERATIONS,FARM OPERATIONS - ACRES OPERATED,TOTAL,NOT SPECIFIED,"332,211"
2017,COUNTY,IOWA,19,HARRISON,85,FARM OPERATIONS,FARM OPERATIONS - ACRES OPERATED,TOTAL,NOT SPECIFIED,"379,592"
2017,COUNTY,IOWA,19,IDA,93,FARM OPERATIONS,FARM OPERATIONS - ACRES OPERATED,TOTAL,NOT SPECIFIED,"263,097"
2017,COUNTY,IOWA,19,MONONA,133,FARM OPERATIONS,FARM OPERATIONS - ACRES OPERATED,TOTAL,NOT SPECIFIED,"333,858"
2017,COUNTY,IOWA,19,SAC,161,FARM OPERATIONS,FARM OPERATIONS - ACRES OPERATED,TOTAL,NOT SPECIFIED,"353,174"
2017,COUNTY,IOWA,19,SHELBY,165,FARM OPERATIONS,FARM OPERATIONS - ACRES OPERATED,TOTAL,NOT SPECIFIED,"370,551"
2017,COUNTY,IOWA,19,WOODBURY,193,FARM OPERATIONS,FARM OPERATIONS - ACRES OPERATED,TOTAL,NOT SPECIFIED,"450,763"
2017,COUNTY,OREGON,41,GILLIAM,21,FARM OPERATIONS,FARM OPERATIONS - ACRES OPERATED,TOTAL,NOT SPECIFIED,"611,920"
2017,COUNTY,OREGON,41,HOOD RIVER,27,FARM OPERATIONS,FARM OPERATIONS - ACRES OPERATED,TOTAL,NOT SPECIFIED,"28,451"
2017,COUNTY,OREGON,41,MORROW,49,FARM OPERATIONS,FARM OPERATIONS - ACRES OPERATED,TOTAL,NOT SPECIFIED,"1,126,101"
2017,COUNTY,OREGON,41,SHERMAN,55,FARM OPERATIONS,FARM OPERATIONS - ACRES OPERATED,TOTAL,NOT SPECIFIED,"524,857"
2017,COUNTY,OREGON,41,WASCO,65,FARM OPERATIONS,FARM OPERATIONS - ACRES OPERATED,TOTAL,NOT SPECIFIED,"1,388,988"
2017,COUNTY,OREGON,41,BAKER,1,FARM OPERATIONS,FARM OPERATIONS - ACRES OPERATED,TOTAL,NOT SPECIFIED,"754,585"
2017,COUNTY,OREGON,41,UMATILLA,59,FARM OPERATIONS,FARM OPERATIONS - ACRES OPERATED,TOTAL,NOT SPECIFIED,"1,352,241"
2017,COUNTY,OREGON,41,UNION,61,FARM OPERATIONS,FARM OPERATIONS - ACRES OPERATED,TOTAL,NOT SPECIFIED,"385,152"
2017,COUNTY,OREGON,41,WALLOWA,63,FARM OPERATIONS,FARM OPERATIONS - ACRES OPERATED,TOTAL,NOT SPECIFIED,"520,213"
2017,COUNTY,OREGON,41,BENTON,3,FARM OPERATIONS,FARM OPERATIONS - ACRES OPERATED,TOTAL,NOT SPECIFIED,"127,626"
2017,COUNTY,OREGON,41,CLACKAMAS,5,FARM OPERATIONS,FARM OPERATIONS - ACRES OPERATED,TOTAL,NOT SPECIFIED,"157,426"
2017,COUNTY,OREGON,41,CLATSOP,7,FARM OPERATIONS,FARM OPERATIONS - ACRES OPERATED,TOTAL,NOT SPECIFIED,"15,070"
2017,COUNTY,OREGON,41,COLUMBIA,9,FARM OPERATIONS,FARM OPERATIONS - ACRES OPERATED,TOTAL,NOT SPECIFIED,"43,379"
2017,COUNTY,OREGON,41,LANE,39,FARM OPERATIONS,FARM OPERATIONS - ACRES OPERATED,TOTAL,NOT SPECIFIED,"203,148"
2017,COUNTY,OREGON,41,LINCOLN,41,FARM OPERATIONS,FARM OPERATIONS - ACRES OPERATED,TOTAL,NOT SPECIFIED,"29,017"
2017,COUNTY,OREGON,41,LINN,43,FARM OPERATIONS,FARM OPERATIONS - ACRES OPERATED,TOTAL,NOT SPECIFIED,"314,947"
2017,COUNTY,OREGON,41,MARION,47,FARM OPERATIONS,FARM OPERATIONS - ACRES OPERATED,TOTAL,NOT SPECIFIED,"288,671"
2017,COUNTY,OREGON,41,MULTNOMAH,51,FARM OPERATIONS,FARM OPERATIONS - ACRES OPERATED,TOTAL,NOT SPECIFIED,"25,435"
2017,COUNTY,OREGON,41,POLK,53,FARM OPERATIONS,FARM OPERATIONS - ACRES OPERATED,TOTAL,NOT SPECIFIED,"148,905"
2017,COUNTY,OREGON,41,TILLAMOOK,57,FARM OPERATIONS,FARM OPERATIONS - ACRES OPERATED,TOTAL,NOT SPECIFIED,"32,936"
2017,COUNTY,OREGON,41,WASHINGTON,67,FARM OPERATIONS,FARM OPERATIONS - ACRES OPERATED,TOTAL,NOT SPECIFIED,"104,715"
2017,COUNTY,OREGON,41,YAMHILL,71,FARM OPERATIONS,FARM OPERATIONS - ACRES OPERATED,TOTAL,NOT SPECIFIED,"169,357"
2017,COUNTY,OREGON,41,CROOK,13,FARM OPERATIONS,FARM OPERATIONS - ACRES OPERATED,TOTAL,NOT SPECIFIED,"799,845"
2017,COUNTY,OREGON,41,DESCHUTES,17,FARM OPERATIONS,FARM OPERATIONS - ACRES OPERATED,TOTAL,NOT SPECIFIED,"134,600"
2017,COUNTY,OREGON,41,GRANT,23,FARM OPERATIONS,FARM OPERATIONS - ACRES OPERATED,TOTAL,NOT SPECIFIED,"628,895"
2017,COUNTY,OREGON,41,HARNEY,25,FARM OPERATIONS,FARM OPERATIONS - ACRES OPERATED,TOTAL,NOT SPECIFIED,"1,557,103"
2017,COUNTY,OREGON,41,JEFFERSON,31,FARM OPERATIONS,FARM OPERATIONS - ACRES OPERATED,TOTAL,NOT SPECIFIED,"792,920"
2017,COUNTY,OREGON,41,KLAMATH,35,FARM OPERATIONS,FARM OPERATIONS - ACRES OPERATED,TOTAL,NOT SPECIFIED,"482,999"
2017,COUNTY,OREGON,41,LAKE,37,FARM OPERATIONS,FARM OPERATIONS - ACRES OPERATED,TOTAL,NOT SPECIFIED,"755,639"
2017,COUNTY,OREGON,41,MALHEUR,45,FARM OPERATIONS,FARM OPERATIONS - ACRES OPERATED,TOTAL,NOT SPECIFIED,"1,093,362"
2017,COUNTY,OREGON,41,WHEELER,69,FARM OPERATIONS,FARM OPERATIONS - ACRES OPERATED,TOTAL,NOT SPECIFIED,"556,967"
2017,COUNTY,OREGON,41,COOS,11,FARM OPERATIONS,FARM OPERATIONS - ACRES OPERATED,TOTAL,NOT SPECIFIED,"138,171"
2017,COUNTY,OREGON,41,CURRY,15,FARM OPERATIONS,FARM OPERATIONS - ACRES OPERATED,TOTAL,NOT SPECIFIED,"70,338"
2017,COUNTY,OREGON,41,DOUGLAS,19,FARM OPERATIONS,FARM OPERATIONS - ACRES OPERATED,TOTAL,NOT SPECIFIED,"400,179"
2017,COUNTY,OREGON,41,JACKSON,29,FARM OPERATIONS,FARM OPERATIONS - ACRES OPERATED,TOTAL,NOT SPECIFIED,"170,298"
2017,COUNTY,OREGON,41,JOSEPHINE,33,FARM OPERATIONS,FARM OPERATIONS - ACRES OPERATED,TOTAL,NOT SPECIFIED,"27,866"
2017,COUNTY,VIRGINIA,51,ALBEMARLE,3,FARM OPERATIONS,FARM OPERATIONS - ACRES OPERATED,TOTAL,NOT SPECIFIED,"182,781"
2017,COUNTY,VIRGINIA,51,AMELIA,7,FARM OPERATIONS,FARM OPERATIONS - ACRES OPERATED,TOTAL,NOT SPECIFIED,"102,690"
2017,COUNTY,VIRGINIA,51,AMHERST,9,FARM OPERATIONS,FARM OPERATIONS - ACRES OPERATED,TOTAL,NOT SPECIFIED,"78,812"
2017,COUNTY,VIRGINIA,51,APPOMATTOX,11,FARM OPERATIONS,FARM OPERATIONS - ACRES OPERATED,TOTAL,NOT SPECIFIED,"75,739"
2017,COUNTY,VIRGINIA,51,BEDFORD,19,FARM OPERATIONS,FARM OPERATIONS - ACRES OPERATED,TOTAL,NOT SPECIFIED,"211,087"
2017,COUNTY,VIRGINIA,51,BUCKINGHAM,29,FARM OPERATIONS,FARM OPERATIONS - ACRES OPERATED,TOTAL,NOT SPECIFIED,"79,245"
2017,COUNTY,VIRGINIA,51,CAMPBELL,31,FARM OPERATIONS,FARM OPERATIONS - ACRES OPERATED,TOTAL,NOT SPECIFIED,"131,716"
2017,COUNTY,VIRGINIA,51,CAROLINE,33,FARM OPERATIONS,FARM OPERATIONS - ACRES OPERATED,TOTAL,NOT SPECIFIED,"61,831"
2017,COUNTY,VIRGINIA,51,CHESTERFIELD,41,FARM OPERATIONS,FARM OPERATIONS - ACRES OPERATED,TOTAL,NOT SPECIFIED,"18,013"
2017,COUNTY,VIRGINIA,51,CUMBERLAND,49,FARM OPERATIONS,FARM OPERATIONS - ACRES OPERATED,TOTAL,NOT SPECIFIED,"52,635"
2017,COUNTY,VIRGINIA,51,FLUVANNA,65,FARM OPERATIONS,FARM OPERATIONS - ACRES OPERATED,TOTAL,NOT SPECIFIED,"44,414"
2017,COUNTY,VIRGINIA,51,GOOCHLAND,75,FARM OPERATIONS,FARM OPERATIONS - ACRES OPERATED,TOTAL,NOT SPECIFIED,"56,739"
2017,COUNTY,VIRGINIA,51,GREENE,79,FARM OPERATIONS,FARM OPERATIONS - ACRES OPERATED,TOTAL,NOT SPECIFIED,"28,518"
2017,COUNTY,VIRGINIA,51,HANOVER,85,FARM OPERATIONS,FARM OPERATIONS - ACRES OPERATED,TOTAL,NOT SPECIFIED,"89,186"
2017,COUNTY,VIRGINIA,51,HENRICO,87,FARM OPERATIONS,FARM OPERATIONS - ACRES OPERATED,TOTAL,NOT SPECIFIED,"9,820"
2017,COUNTY,VIRGINIA,51,LOUISA,109,FARM OPERATIONS,FARM OPERATIONS - ACRES OPERATED,TOTAL,NOT SPECIFIED,"68,499"
2017,COUNTY,VIRGINIA,51,NELSON,125,FARM OPERATIONS,FARM OPERATIONS - ACRES OPERATED,TOTAL,NOT SPECIFIED,"67,841"
2017,COUNTY,VIRGINIA,51,ORANGE,137,FARM OPERATIONS,FARM OPERATIONS - ACRES OPERATED,TOTAL,NOT SPECIFIED,"95,246"
2017,COUNTY,VIRGINIA,51,POWHATAN,145,FARM OPERATIONS,FARM OPERATIONS - ACRES OPERATED,TOTAL,NOT SPECIFIED,"34,585"
2017,COUNTY,VIRGINIA,51,PRINCE EDWARD,147,FARM OPERATIONS,FARM OPERATIONS - ACRES OPERATED,TOTAL,NOT SPECIFIED,"69,531"
2017,COUNTY,VIRGINIA,51,SPOTSYLVANIA,177,FARM OPERATIONS,FARM OPERATIONS - ACRES OPERATED,TOTAL,NOT SPECIFIED,"41,674"
2017,COUNTY,VIRGINIA,51,ACCOMACK,1,FARM OPERATIONS,FARM OPERATIONS - ACRES OPERATED,TOTAL,NOT SPECIFIED,"76,761"
2017,COUNTY,VIRGINIA,51,CHARLES CITY,36,FARM OPERATIONS,FARM OPERATIONS - ACRES OPERATED,TOTAL,NOT SPECIFIED,"31,392"
2017,COUNTY,VIRGINIA,51,ESSEX,57,FARM OPERATIONS,FARM OPERATIONS - ACRES OPERATED,TOTAL,NOT SPECIFIED,"58,702"
2017,COUNTY,VIRGINIA,51,GLOUCESTER,73,FARM OPERATIONS,FARM OPERATIONS - ACRES OPERATED,TOTAL,NOT SPECIFIED,"26,014"
2017,COUNTY,VIRGINIA,51,JAMES CITY,95,FARM OPERATIONS,FARM OPERATIONS - ACRES OPERATED,TOTAL,NOT SPECIFIED,"6,630"
2017,COUNTY,VIRGINIA,51,KING AND QUEEN,97,FARM OPERATIONS,FARM OPERATIONS - ACRES OPERATED,TOTAL,NOT SPECIFIED,"48,246"
2017,COUNTY,VIRGINIA,51,KING GEORGE,99,FARM OPERATIONS,FARM OPERATIONS - ACRES OPERATED,TOTAL,NOT SPECIFIED,"26,337"
2017,COUNTY,VIRGINIA,51,KING WILLIAM,101,FARM OPERATIONS,FARM OPERATIONS - ACRES OPERATED,TOTAL,NOT SPECIFIED,"47,456"
2017,COUNTY,VIRGINIA,51,LANCASTER,103,FARM OPERATIONS,FARM OPERATIONS - ACRES OPERATED,TOTAL,NOT SPECIFIED,"16,238"
2017,COUNTY,VIRGINIA,51,MATHEWS,115,FARM OPERATIONS,FARM OPERATIONS - ACRES OPERATED,TOTAL,NOT SPECIFIED,"6,584"
2017,COUNTY,VIRGINIA,51,MIDDLESEX,119,FARM OPERATIONS,FARM OPERATIONS - ACRES OPERATED,TOTAL,NOT SPECIFIED,"19,512"
2017,COUNTY,VIRGINIA,51,NEW KENT,127,FARM OPERATIONS,FARM OPERATIONS - ACRES OPERATED,TOTAL,NOT SPECIFIED,"18,335"
2017,COUNTY,VIRGINIA,51,NORTHAMPTON,131,FARM OPERATIONS,FARM OPERATIONS - ACRES OPERATED,TOTAL,NOT SPECIFIED,"48,279"
2017,COUNTY,VIRGINIA,51,NORTHUMBERLAND,133,FARM OPERATIONS,FARM OPERATIONS - ACRES OPERATED,TOTAL,NOT SPECIFIED,"43,480"
2017,COUNTY,VIRGINIA,51,RICHMOND,159,FARM OPERATIONS,FARM OPERATIONS - ACRES OPERATED,TOTAL,NOT SPECIFIED,"31,952"
2017,COUNTY,VIRGINIA,51,WESTMORELAND,193,FARM OPERATIONS,FARM OPERATIONS - ACRES OPERATED,TOTAL,NOT SPECIFIED,"52,619"
2017,COUNTY,VIRGINIA,51,YORK,199,FARM OPERATIONS,FARM OPERATIONS - ACRES OPERATED,TOTAL,NOT SPECIFIED,914
2017,COUNTY,VIRGINIA,51,ARLINGTON,13,FARM OPERATIONS,FARM OPERATIONS - ACRES OPERATED,TOTAL,NOT SPECIFIED,5
2017,COUNTY,VIRGINIA,51,CLARKE,43,FARM OPERATIONS,FARM OPERATIONS - ACRES OPERATED,TOTAL,NOT SPECIFIED,"66,641"
2017,COUNTY,VIRGINIA,51,CULPEPER,47,FARM OPERATIONS,FARM OPERATIONS - ACRES OPERATED,TOTAL,NOT SPECIFIED,"124,390"
2017,COUNTY,VIRGINIA,51,FAIRFAX,59,FARM OPERATIONS,FARM OPERATIONS - ACRES OPERATED,TOTAL,NOT SPECIFIED,"5,937"
2017,COUNTY,VIRGINIA,51,FAUQUIER,61,FARM OPERATIONS,FARM OPERATIONS - ACRES OPERATED,TOTAL,NOT SPECIFIED,"216,666"
2017,COUNTY,VIRGINIA,51,FREDERICK,69,FARM OPERATIONS,FARM OPERATIONS - ACRES OPERATED,TOTAL,NOT SPECIFIED,"109,907"
2017,COUNTY,VIRGINIA,51,LOUDOUN,107,FARM OPERATIONS,FARM OPERATIONS - ACRES OPERATED,TOTAL,NOT SPECIFIED,"121,932"
2017,COUNTY,VIRGINIA,51,MADISON,113,FARM OPERATIONS,FARM OPERATIONS - ACRES OPERATED,TOTAL,NOT SPECIFIED,"106,908"
2017,COUNTY,VIRGINIA,51,PAGE,139,FARM OPERATIONS,FARM OPERATIONS - ACRES OPERATED,TOTAL,NOT SPECIFIED,"72,041"
2017,COUNTY,VIRGINIA,51,PRINCE WILLIAM,153,FARM OPERATIONS,FARM OPERATIONS - ACRES OPERATED,TOTAL,NOT SPECIFIED,"22,874"
2017,COUNTY,VIRGINIA,51,RAPPAHANNOCK,157,FARM OPERATIONS,FARM OPERATIONS - ACRES OPERATED,TOTAL,NOT SPECIFIED,"70,182"
2017,COUNTY,VIRGINIA,51,ROCKINGHAM,165,FARM OPERATIONS,FARM OPERATIONS - ACRES OPERATED,TOTAL,NOT SPECIFIED,"228,542"
2017,COUNTY,VIRGINIA,51,SHENANDOAH,171,FARM OPERATIONS,FARM OPERATIONS - ACRES OPERATED,TOTAL,NOT SPECIFIED,"130,659"
2017,COUNTY,VIRGINIA,51,STAFFORD,179,FARM OPERATIONS,FARM OPERATIONS - ACRES OPERATED,TOTAL,NOT SPECIFIED,"17,253"
2017,COUNTY,VIRGINIA,51,WARREN,187,FARM OPERATIONS,FARM OPERATIONS - ACRES OPERATED,TOTAL,NOT SPECIFIED,"38,697"
2017,COUNTY,VIRGINIA,51,BRUNSWICK,25,FARM OPERATIONS,FARM OPERATIONS - ACRES OPERATED,TOTAL,NOT SPECIFIED,"66,398"
2017,COUNTY,VIRGINIA,51,CHESAPEAKE CITY,550,FARM OPERATIONS,FARM OPERATIONS - ACRES OPERATED,TOTAL,NOT SPECIFIED,"36,796"
2017,COUNTY,VIRGINIA,51,DINWIDDIE,53,FARM OPERATIONS,FARM OPERATIONS - ACRES OPERATED,TOTAL,NOT SPECIFIED,"92,841"
2017,COUNTY,VIRGINIA,51,GREENSVILLE,81,FARM OPERATIONS,FARM OPERATIONS - ACRES OPERATED,TOTAL,NOT SPECIFIED,"54,544"
2017,COUNTY,VIRGINIA,51,ISLE OF WIGHT,93,FARM OPERATIONS,FARM OPERATIONS - ACRES OPERATED,TOTAL,NOT SPECIFIED,"80,672"
2017,COUNTY,VIRGINIA,51,MECKLENBURG,117,FARM OPERATIONS,FARM OPERATIONS - ACRES OPERATED,TOTAL,NOT SPECIFIED,"141,142"
2017,COUNTY,VIRGINIA,51,PRINCE GEORGE,149,FARM OPERATIONS,FARM OPERATIONS - ACRES OPERATED,TOTAL,NOT SPECIFIED,"39,630"
2017,COUNTY,VIRGINIA,51,SOUTHAMPTON,175,FARM OPERATIONS,FARM OPERATIONS - ACRES OPERATED,TOTAL,NOT SPECIFIED,"141,942"
2017,COUNTY,VIRGINIA,51,SUFFOLK CITY,800,FARM OPERATIONS,FARM OPERATIONS - ACRES OPERATED,TOTAL,NOT SPECIFIED,"79,035"
2017,COUNTY,VIRGINIA,51,SURRY,181,FARM OPERATIONS,FARM OPERATIONS - ACRES OPERATED,TOTAL,NOT SPECIFIED,"42,062"
2017,COUNTY,VIRGINIA,51,SUSSEX,183,FARM OPERATIONS,FARM OPERATIONS - ACRES OPERATED,TOTAL,NOT SPECIFIED,"66,257"
2017,COUNTY,VIRGINIA,51,VIRGINIA BEACH CITY,810,FARM OPERATIONS,FARM OPERATIONS - ACRES OPERATED,TOTAL,NOT SPECIFIED,"23,350"
2017,COUNTY,VIRGINIA,51,CHARLOTTE,37,FARM OPERATIONS,FARM OPERATIONS - ACRES OPERATED,TOTAL,NOT SPECIFIED,"121,667"
2017,COUNTY,VIRGINIA,51,FRANKLIN,67,FARM OPERATIONS,FARM OPERATIONS - ACRES OPERATED,TOTAL,NOT SPECIFIED,"156,254"
2017,COUNTY,VIRGINIA,51,HALIFAX,83,FARM OPERATIONS,FARM OPERATIONS - ACRES OPERATED,TOTAL,NOT SPECIFIED,"208,967"
2017,COUNTY,VIRGINIA,51,HENRY,89,FARM OPERATIONS,FARM OPERATIONS - ACRES OPERATED,TOTAL,NOT SPECIFIED,"45,527"
2017,COUNTY,VIRGINIA,51,LUNENBURG,111,FARM OPERATIONS,FARM OPERATIONS - ACRES OPERATED,TOTAL,NOT SPECIFIED,"72,851"
2017,COUNTY,VIRGINIA,51,NOTTOWAY,135,FARM OPERATIONS,FARM OPERATIONS - ACRES OPERATED,TOTAL,NOT SPECIFIED,"50,390"
2017,COUNTY,VIRGINIA,51,PATRICK,141,FARM OPERATIONS,FARM OPERATIONS - ACRES OPERATED,TOTAL,NOT SPECIFIED,"91,252"
2017,COUNTY,VIRGINIA,51,PITTSYLVANIA,143,FARM OPERATIONS,FARM OPERATIONS - ACRES OPERATED,TOTAL,NOT SPECIFIED,"246,322"
2017,COUNTY,VIRGINIA,51,BLAND,21,FARM OPERATIONS,FARM OPERATIONS - ACRES OPERATED,TOTAL,NOT SPECIFIED,"70,295"
2017,COUNTY,VIRGINIA,51,BUCHANAN,27,FARM OPERATIONS,FARM OPERATIONS - ACRES OPERATED,TOTAL,NOT SPECIFIED,"11,043"
2017,COUNTY,VIRGINIA,51,CARROLL,35,FARM OPERATIONS,FARM OPERATIONS - ACRES OPERATED,TOTAL,NOT SPECIFIED,"118,986"
2017,COUNTY,VIRGINIA,51,DICKENSON,51,FARM OPERATIONS,FARM OPERATIONS - ACRES OPERATED,TOTAL,NOT SPECIFIED,"11,169"
2017,COUNTY,VIRGINIA,51,FLOYD,63,FARM OPERATIONS,FARM OPERATIONS - ACRES OPERATED,TOTAL,NOT SPECIFIED,"110,297"
2017,COUNTY,VIRGINIA,51,GILES,71,FARM OPERATIONS,FARM OPERATIONS - ACRES OPERATED,TOTAL,NOT SPECIFIED,"65,387"
2017,COUNTY,VIRGINIA,51,GRAYSON,77,FARM OPERATIONS,FARM OPERATIONS - ACRES OPERATED,TOTAL,NOT SPECIFIED,"119,340"
2017,COUNTY,VIRGINIA,51,LEE,105,FARM OPERATIONS,FARM OPERATIONS - ACRES OPERATED,TOTAL,NOT SPECIFIED,"94,904"
2017,COUNTY,VIRGINIA,51,MONTGOMERY,121,FARM OPERATIONS,FARM OPERATIONS - ACRES OPERATED,TOTAL,NOT SPECIFIED,"101,672"
2017,COUNTY,VIRGINIA,51,PULASKI,155,FARM OPERATIONS,FARM OPERATIONS - ACRES OPERATED,TOTAL,NOT SPECIFIED,"77,504"
2017,COUNTY,VIRGINIA,51,RUSSELL,167,FARM OPERATIONS,FARM OPERATIONS - ACRES OPERATED,TOTAL,NOT SPECIFIED,"170,285"
2017,COUNTY,VIRGINIA,51,SCOTT,169,FARM OPERATIONS,FARM OPERATIONS - ACRES OPERATED,TOTAL,NOT SPECIFIED,"125,354"
2017,COUNTY,VIRGINIA,51,SMYTH,173,FARM OPERATIONS,FARM OPERATIONS - ACRES OPERATED,TOTAL,NOT SPECIFIED,"123,214"
2017,COUNTY,VIRGINIA,51,TAZEWELL,185,FARM OPERATIONS,FARM OPERATIONS - ACRES OPERATED,TOTAL,NOT SPECIFIED,"137,943"
2017,COUNTY,VIRGINIA,51,WASHINGTON,191,FARM OPERATIONS,FARM OPERATIONS - ACRES OPERATED,TOTAL,NOT SPECIFIED,"176,344"
2017,COUNTY,VIRGINIA,51,WISE,195,FARM OPERATIONS,FARM OPERATIONS - ACRES OPERATED,TOTAL,NOT SPECIFIED,"26,345"
2017,COUNTY,VIRGINIA,51,WYTHE,197,FARM OPERATIONS,FARM OPERATIONS - ACRES OPERATED,TOTAL,NOT SPECIFIED,"151,563"
2017,COUNTY,VIRGINIA,51,ALLEGHANY,5,FARM OPERATIONS,FARM OPERATIONS - ACRES OPERATED,TOTAL,NOT SPECIFIED,"30,857"
2017,COUNTY,VIRGINIA,51,AUGUSTA,15,FARM OPERATIONS,FARM OPERATIONS - ACRES OPERATED,TOTAL,NOT SPECIFIED,"290,911"
2017,COUNTY,VIRGINIA,51,BATH,17,FARM OPERATIONS,FARM OPERATIONS - ACRES OPERATED,TOTAL,NOT SPECIFIED,"47,854"
2017,COUNTY,VIRGINIA,51,BOTETOURT,23,FARM OPERATIONS,FARM OPERATIONS - ACRES OPERATED,TOTAL,NOT SPECIFIED,"88,842"
2017,COUNTY,VIRGINIA,51,CRAIG,45,FARM OPERATIONS,FARM OPERATIONS - ACRES OPERATED,TOTAL,NOT SPECIFIED,"43,431"
2017,COUNTY,VIRGINIA,51,HIGHLAND,91,FARM OPERATIONS,FARM OPERATIONS - ACRES OPERATED,TOTAL,NOT SPECIFIED,"92,950"
2017,COUNTY,VIRGINIA,51,ROANOKE,161,FARM OPERATIONS,FARM OPERATIONS - ACRES OPERATED,TOTAL,NOT SPECIFIED,"26,114"
2017,COUNTY,VIRGINIA,51,ROCKBRIDGE,163,FARM OPERATIONS,FARM OPERATIONS - ACRES OPERATED,TOTAL,NOT SPECIFIED,"134,789"